month,hsk,name,country,export_kusd,export_tons,import_kusd,import_tons,balance_kusd
2026.01,8542324000,MCO (복합부품),나미비아,0,0.0,0,0.0,0
2026.01,8542321030,Flash (플래시 메모리),남아프리카공화국,42,0.0,0,0.0,42
2026.01,8542321010,DRAM (디램),네덜란드,1008,0.1,9,0.0,999
2026.01,8542321030,Flash (플래시 메모리),네덜란드,0,0.0,2018,0.5,-2018
2026.01,8542321090,Other memory (기타),네덜란드,0,0.0,0,0.0,0
2026.01,8542323000,MCP (복합구조칩),네덜란드,8038,0.3,0,0.0,8038
2026.01,8542324000,MCO (복합부품),네덜란드,1352,0.0,0,0.0,1352
2026.01,8542321010,DRAM (디램),노르웨이,0,0.0,0,0.0,0
2026.01,8542321010,DRAM (디램),대만,89633,11.3,42674,6.1,46959
2026.01,8542321020,SRAM (에스램),대만,1,0.0,806,0.1,-805
2026.01,8542321030,Flash (플래시 메모리),대만,115040,3.2,5717,4.2,109323
2026.01,8542321090,Other memory (기타),대만,213,0.1,37610,1.4,-37397
2026.01,8542322000,Hybrid IC (하이브리드),대만,0,0.0,703,0.0,-703
2026.01,8542323000,MCP (복합구조칩),대만,2263168,12.8,179596,2.5,2083572
2026.01,8542324000,MCO (복합부품),대만,581,0.1,3720,0.0,-3139
2026.01,8542321010,DRAM (디램),덴마크,0,0.0,0,0.0,0
2026.01,8542321030,Flash (플래시 메모리),덴마크,0,0.0,2,0.0,-2
2026.01,8542321090,Other memory (기타),덴마크,0,0.0,2,0.0,-2
2026.01,8542321010,DRAM (디램),독일,3045,0.1,0,0.0,3045
2026.01,8542321090,Other memory (기타),독일,20,0.0,2,0.0,18
2026.01,8542323000,MCP (복합구조칩),독일,15486,0.5,0,0.0,15486
2026.01,8542324000,MCO (복합부품),독일,1954,0.1,1,0.0,1953
2026.01,8542321090,Other memory (기타),루마니아,0,0.0,0,0.0,0
2026.01,8542322000,Hybrid IC (하이브리드),루마니아,0,0.0,0,0.0,0
2026.01,8542323000,MCP (복합구조칩),루마니아,0,0.0,0,0.0,0
2026.01,8542321010,DRAM (디램),말레이시아,38478,0.5,2,0.0,38476
2026.01,8542321020,SRAM (에스램),말레이시아,0,0.0,133,0.1,-133
2026.01,8542321030,Flash (플래시 메모리),말레이시아,3523,0.6,215,0.0,3309
2026.01,8542321090,Other memory (기타),말레이시아,0,0.0,583,0.1,-583
2026.01,8542322000,Hybrid IC (하이브리드),말레이시아,0,0.0,0,0.0,0
2026.01,8542323000,MCP (복합구조칩),말레이시아,17977,0.5,0,0.0,17977
2026.01,8542324000,MCO (복합부품),말레이시아,85,0.0,1,0.0,84
2026.01,8542321010,DRAM (디램),멕시코,1399,0.2,0,0.0,1399
2026.01,8542321020,SRAM (에스램),멕시코,188,0.0,0,0.0,188
2026.01,8542321030,Flash (플래시 메모리),멕시코,83,0.0,2,0.0,81
2026.01,8542321090,Other memory (기타),멕시코,252,0.1,0,0.0,251
2026.01,8542323000,MCP (복합구조칩),멕시코,8207,0.7,0,0.0,8207
2026.01,8542324000,MCO (복합부품),멕시코,1928,0.0,0,0.0,1928
2026.01,8542321010,DRAM (디램),미국,6384,0.4,231,0.0,6152
2026.01,8542321020,SRAM (에스램),미국,0,0.0,2,0.0,-2
2026.01,8542321030,Flash (플래시 메모리),미국,2,0.0,447,0.1,-445
2026.01,8542321090,Other memory (기타),미국,104,0.0,3050,0.4,-2946
2026.01,8542323000,MCP (복합구조칩),미국,80558,1.5,3,0.0,80555
2026.01,8542324000,MCO (복합부품),미국,1234,0.0,18,0.1,1216
2026.01,8542321010,DRAM (디램),베트남,595241,15.6,8304,0.8,586937
2026.01,8542321020,SRAM (에스램),베트남,9,0.0,0,0.0,9
2026.01,8542321030,Flash (플래시 메모리),베트남,52973,3.8,860,0.0,52113
2026.01,8542321090,Other memory (기타),베트남,21030,9.4,185,0.0,20845
2026.01,8542322000,Hybrid IC (하이브리드),베트남,1,0.0,0,0.0,1
2026.01,8542323000,MCP (복합구조칩),베트남,316525,9.7,376,0.0,316149
2026.01,8542324000,MCO (복합부품),베트남,214086,3.9,0,0.0,214085
2026.01,8542321090,Other memory (기타),보스니아-헤르체고비나,7,0.0,0,0.0,7
2026.01,8542321090,Other memory (기타),불가리아,0,0.0,0,0.0,0
2026.01,8542321010,DRAM (디램),브라질,31792,0.7,0,0.0,31792
2026.01,8542321030,Flash (플래시 메모리),브라질,5429,0.2,0,0.0,5429
2026.01,8542321090,Other memory (기타),브라질,77,0.1,0,0.0,77
2026.01,8542323000,MCP (복합구조칩),브라질,13338,0.3,0,0.0,13338
2026.01,8542324000,MCO (복합부품),브라질,13812,0.3,0,0.0,13812
2026.01,8542321030,Flash (플래시 메모리),스웨덴,0,0.0,0,0.0,0
2026.01,8542324000,MCO (복합부품),스위스,0,0.0,0,0.0,0
2026.01,8542321010,DRAM (디램),스페인,126,0.0,0,0.0,126
2026.01,8542321090,Other memory (기타),스페인,0,0.0,0,0.0,0
2026.01,8542323000,MCP (복합구조칩),스페인,188,0.0,0,0.0,188
2026.01,8542323000,MCP (복합구조칩),슬로바키아,827,0.1,0,0.0,827
2026.01,8542321010,DRAM (디램),싱가포르,6308,0.2,1253,0.2,5055
2026.01,8542321020,SRAM (에스램),싱가포르,25,0.0,7,0.0,18
2026.01,8542321030,Flash (플래시 메모리),싱가포르,2886,0.1,37,0.0,2849
2026.01,8542321090,Other memory (기타),싱가포르,0,0.0,3917,0.4,-3917
2026.01,8542322000,Hybrid IC (하이브리드),싱가포르,0,0.0,0,0.0,0
2026.01,8542323000,MCP (복합구조칩),싱가포르,17022,0.1,17773,0.3,-751
2026.01,8542324000,MCO (복합부품),싱가포르,2881,0.1,103305,0.5,-100424
2026.01,8542321010,DRAM (디램),아르헨티나,91,0.6,0,0.0,91
2026.01,8542323000,MCP (복합구조칩),아일랜드,1,0.0,0,0.0,1
2026.01,8542324000,MCO (복합부품),아일랜드,4,0.0,0,0.0,4
2026.01,8542321090,Other memory (기타),영국,0,0.0,10,0.0,-9
2026.01,8542323000,MCP (복합구조칩),영국,0,0.0,0,0.0,0
2026.01,8542324000,MCO (복합부품),영국,0,0.0,0,0.0,0
2026.01,8542321010,DRAM (디램),오스트리아,127,0.1,0,0.0,127
2026.01,8542321030,Flash (플래시 메모리),오스트리아,97,0.0,0,0.0,97
2026.01,8542321090,Other memory (기타),오스트리아,68,0.0,0,0.0,68
2026.01,8542323000,MCP (복합구조칩),오스트리아,7454,0.3,0,0.0,7454
2026.01,8542324000,MCO (복합부품),오스트리아,43,0.0,0,0.0,43
2026.01,8542323000,MCP (복합구조칩),이스라엘,84,0.0,0,0.0,84
2026.01,8542324000,MCO (복합부품),이스라엘,0,0.0,0,0.0,0
2026.01,8542321010,DRAM (디램),이집트,145,0.0,0,0.0,145
2026.01,8542321090,Other memory (기타),이집트,40,0.0,0,0.0,40
2026.01,8542323000,MCP (복합구조칩),이집트,3007,0.1,0,0.0,3007
2026.01,8542324000,MCO (복합부품),이집트,1995,0.1,0,0.0,1995
2026.01,8542324000,MCO (복합부품),이탈리아,0,0.0,0,0.0,0
2026.01,8542321010,DRAM (디램),인도,3920,0.9,0,0.0,3920
2026.01,8542321020,SRAM (에스램),인도,17,0.0,0,0.0,17
2026.01,8542321030,Flash (플래시 메모리),인도,12,0.0,0,0.0,12
2026.01,8542321090,Other memory (기타),인도,1475,1.5,3,0.0,1472
2026.01,8542323000,MCP (복합구조칩),인도,29336,0.7,0,0.0,29336
2026.01,8542324000,MCO (복합부품),인도,95052,1.7,0,0.0,95052
2026.01,8542321010,DRAM (디램),인도네시아,1044,0.2,0,0.0,1044
2026.01,8542321020,SRAM (에스램),인도네시아,34,0.0,0,0.0,34
2026.01,8542321030,Flash (플래시 메모리),인도네시아,429,0.1,0,0.0,429
2026.01,8542321090,Other memory (기타),인도네시아,55,0.1,0,0.0,55
2026.01,8542323000,MCP (복합구조칩),인도네시아,12132,1.0,0,0.0,12132
2026.01,8542324000,MCO (복합부품),인도네시아,33028,0.5,0,0.0,33028
2026.01,8542321010,DRAM (디램),일본,12314,0.2,824,0.1,11490
2026.01,8542321020,SRAM (에스램),일본,3,0.0,36,0.0,-33
2026.01,8542321030,Flash (플래시 메모리),일본,49,0.0,1,0.0,47
2026.01,8542321090,Other memory (기타),일본,78,0.0,705,0.3,-627
2026.01,8542322000,Hybrid IC (하이브리드),일본,0,0.0,10,0.0,-10
2026.01,8542323000,MCP (복합구조칩),일본,68294,1.1,8758,0.2,59537
2026.01,8542324000,MCO (복합부품),일본,1324,0.0,4,0.0,1319
2026.01,8542321010,DRAM (디램),중국,3627420,88.8,984191,46.8,2643229
2026.01,8542321020,SRAM (에스램),중국,0,0.0,180,0.1,-180
2026.01,8542321030,Flash (플래시 메모리),중국,921848,25.1,227988,6.6,693860
2026.01,8542321090,Other memory (기타),중국,1153,0.7,5290,1.7,-4137
2026.01,8542322000,Hybrid IC (하이브리드),중국,2,0.0,188,0.1,-186
2026.01,8542323000,MCP (복합구조칩),중국,363854,8.7,587334,7.6,-223481
2026.01,8542324000,MCO (복합부품),중국,19750,0.9,221712,2.0,-201963
2026.01,8542321090,Other memory (기타),체코공화국,2124,0.3,38,0.0,2086
2026.01,8542323000,MCP (복합구조칩),체코공화국,458,0.0,0,0.0,458
2026.01,8542323000,MCP (복합구조칩),캐나다,1524,0.0,0,0.0,1524
2026.01,8542321030,Flash (플래시 메모리),쿠웨이트,0,0.0,5,0.0,-5
2026.01,8542321090,Other memory (기타),쿠웨이트,0,0.0,6,0.0,-6
2026.01,8542321010,DRAM (디램),태국,1431,0.2,39,0.0,1392
2026.01,8542321020,SRAM (에스램),태국,0,0.0,46,0.1,-46
2026.01,8542321030,Flash (플래시 메모리),태국,1910,0.2,314,0.1,1596
2026.01,8542321090,Other memory (기타),태국,153,0.2,1801,0.3,-1648
2026.01,8542322000,Hybrid IC (하이브리드),태국,0,0.0,1,0.0,-1
2026.01,8542323000,MCP (복합구조칩),태국,232933,1.2,0,0.0,232933
2026.01,8542324000,MCO (복합부품),태국,1377,0.1,1,0.0,1376
2026.01,8542321010,DRAM (디램),튀르키예,0,0.0,258,0.0,-258
2026.01,8542321090,Other memory (기타),튀르키예,28,0.0,0,0.0,28
2026.01,8542324000,MCO (복합부품),튀르키예,5191,0.1,103,0.0,5089
2026.01,8542323000,MCP (복합구조칩),포루투갈,2033,0.1,0,0.0,2033
2026.01,8542324000,MCO (복합부품),포루투갈,1,0.0,0,0.0,1
2026.01,8542321010,DRAM (디램),폴란드,721,0.1,0,0.0,721
2026.01,8542321020,SRAM (에스램),폴란드,179,0.0,0,0.0,179
2026.01,8542321030,Flash (플래시 메모리),폴란드,256,0.3,0,0.0,256
2026.01,8542321090,Other memory (기타),폴란드,25,0.0,0,0.0,25
2026.01,8542323000,MCP (복합구조칩),폴란드,6416,0.4,0,0.0,6416
2026.01,8542321010,DRAM (디램),프랑스,0,0.0,2,0.0,-2
2026.01,8542321020,SRAM (에스램),프랑스,0,0.0,1,0.0,-1
2026.01,8542321030,Flash (플래시 메모리),프랑스,0,0.0,339,0.3,-339
2026.01,8542321090,Other memory (기타),프랑스,0,0.0,743,0.2,-743
2026.01,8542324000,MCO (복합부품),프랑스,2,0.0,7,0.0,-5
2026.01,8542321010,DRAM (디램),필리핀,412992,8.8,108,0.0,412884
2026.01,8542321020,SRAM (에스램),필리핀,0,0.0,4,0.0,-4
2026.01,8542321030,Flash (플래시 메모리),필리핀,3036,0.1,33,0.0,3003
2026.01,8542321090,Other memory (기타),필리핀,0,0.0,149,0.1,-149
2026.01,8542323000,MCP (복합구조칩),필리핀,649,0.0,0,0.0,649
2026.01,8542324000,MCO (복합부품),필리핀,0,0.0,5,0.0,-5
2026.01,8542323000,MCP (복합구조칩),헝가리,2001,0.1,0,0.0,2001
2026.01,8542324000,MCO (복합부품),헝가리,97,0.0,0,0.0,97
2026.01,8542321010,DRAM (디램),홍콩,225757,13.4,3387,0.6,222370
2026.01,8542321020,SRAM (에스램),홍콩,433,0.3,0,0.0,433
2026.01,8542321030,Flash (플래시 메모리),홍콩,327342,9.8,979,0.1,326363
2026.01,8542321090,Other memory (기타),홍콩,13772,2.0,1108,0.1,12663
2026.01,8542323000,MCP (복합구조칩),홍콩,1411904,47.5,5026,0.5,1406878
2026.01,8542324000,MCO (복합부품),홍콩,296873,6.1,1370,0.6,295504
2026.02,8542324000,MCO (복합부품),그리스,0,0.0,0,0.0,0
2026.02,8542324000,MCO (복합부품),기타국,0,0.0,0,0.0,0
2026.02,8542321030,Flash (플래시 메모리),나미비아,0,0.0,1,0.0,-1
2026.02,8542324000,MCO (복합부품),나미비아,0,0.0,1,0.0,-1
2026.02,8542321010,DRAM (디램),남아프리카공화국,51,0.0,0,0.0,51
2026.02,8542321030,Flash (플래시 메모리),남아프리카공화국,14,0.0,0,0.0,14
2026.02,8542321090,Other memory (기타),남아프리카공화국,0,0.0,0,0.0,0
2026.02,8542321010,DRAM (디램),네덜란드,2484,0.1,0,0.0,2484
2026.02,8542321030,Flash (플래시 메모리),네덜란드,0,0.0,0,0.0,0
2026.02,8542321090,Other memory (기타),네덜란드,0,0.0,1,0.0,-1
2026.02,8542323000,MCP (복합구조칩),네덜란드,11018,0.3,0,0.1,11018
2026.02,8542324000,MCO (복합부품),네덜란드,1310,0.0,0,0.0,1310
2026.02,8542321010,DRAM (디램),대만,99126,9.9,24775,4.9,74351
2026.02,8542321020,SRAM (에스램),대만,0,0.0,709,0.2,-709
2026.02,8542321030,Flash (플래시 메모리),대만,102397,1.9,4980,3.4,97417
2026.02,8542321090,Other memory (기타),대만,1,0.0,46586,1.5,-46586
2026.02,8542322000,Hybrid IC (하이브리드),대만,0,0.0,0,0.0,0
2026.02,8542323000,MCP (복합구조칩),대만,2799630,16.0,173230,2.5,2626400
2026.02,8542324000,MCO (복합부품),대만,1957,0.1,24010,0.2,-22053
2026.02,8542321090,Other memory (기타),덴마크,0,0.0,0,0.0,0
2026.02,8542324000,MCO (복합부품),덴마크,0,0.0,0,0.0,0
2026.02,8542321010,DRAM (디램),독일,7573,0.3,0,0.0,7573
2026.02,8542321020,SRAM (에스램),독일,10,0.0,0,0.0,10
2026.02,8542321030,Flash (플래시 메모리),독일,7,0.0,0,0.0,7
2026.02,8542321090,Other memory (기타),독일,0,0.0,3,0.0,-3
2026.02,8542323000,MCP (복합구조칩),독일,21993,0.6,4,0.0,21989
2026.02,8542324000,MCO (복합부품),독일,1596,0.1,0,0.0,1596
2026.02,8542321090,Other memory (기타),루마니아,0,0.0,1,0.0,-1
2026.02,8542321010,DRAM (디램),말레이시아,36420,0.4,55,0.0,36364
2026.02,8542321020,SRAM (에스램),말레이시아,0,0.0,32,0.0,-32
2026.02,8542321030,Flash (플래시 메모리),말레이시아,2892,0.5,308,0.1,2584
2026.02,8542321090,Other memory (기타),말레이시아,34,0.0,1254,0.2,-1220
2026.02,8542323000,MCP (복합구조칩),말레이시아,871599,3.2,1,0.0,871598
2026.02,8542324000,MCO (복합부품),말레이시아,7,0.0,1,0.0,6
2026.02,8542321010,DRAM (디램),멕시코,1728,0.3,0,0.0,1728
2026.02,8542321020,SRAM (에스램),멕시코,219,0.0,0,0.0,219
2026.02,8542321030,Flash (플래시 메모리),멕시코,93,0.0,10,0.0,83
2026.02,8542321090,Other memory (기타),멕시코,220,0.2,0,0.0,220
2026.02,8542323000,MCP (복합구조칩),멕시코,22681,1.3,0,0.0,22681
2026.02,8542324000,MCO (복합부품),멕시코,2244,0.1,0,0.0,2244
2026.02,8542321010,DRAM (디램),미국,9510,0.3,904,0.1,8606
2026.02,8542321020,SRAM (에스램),미국,0,0.0,12,0.0,-12
2026.02,8542321030,Flash (플래시 메모리),미국,1,0.0,372,0.1,-371
2026.02,8542321090,Other memory (기타),미국,19,0.1,225,0.2,-206
2026.02,8542323000,MCP (복합구조칩),미국,107114,1.5,467,0.0,106646
2026.02,8542324000,MCO (복합부품),미국,1795,0.0,18,0.0,1777
2026.02,8542321010,DRAM (디램),베트남,857470,20.5,6601,0.6,850870
2026.02,8542321020,SRAM (에스램),베트남,10,0.0,0,0.0,10
2026.02,8542321030,Flash (플래시 메모리),베트남,28448,2.8,508,0.2,27940
2026.02,8542321090,Other memory (기타),베트남,14149,4.1,139,0.0,14010
2026.02,8542322000,Hybrid IC (하이브리드),베트남,1,0.0,0,0.0,1
2026.02,8542323000,MCP (복합구조칩),베트남,269198,7.5,161,0.0,269036
2026.02,8542324000,MCO (복합부품),베트남,412771,3.6,0,0.0,412771
2026.02,8542324000,MCO (복합부품),벨기에,0,0.0,0,0.0,0
2026.02,8542323000,MCP (복합구조칩),불가리아,0,0.0,0,0.0,0
2026.02,8542321010,DRAM (디램),브라질,16241,0.3,0,0.0,16241
2026.02,8542321030,Flash (플래시 메모리),브라질,10032,0.3,3,0.0,10028
2026.02,8542321090,Other memory (기타),브라질,68,0.0,0,0.0,68
2026.02,8542323000,MCP (복합구조칩),브라질,26623,0.4,0,0.0,26623
2026.02,8542324000,MCO (복합부품),브라질,45554,0.9,0,0.0,45554
2026.02,8542324000,MCO (복합부품),사이프러스,0,0.0,0,0.0,0
2026.02,8542324000,MCO (복합부품),세르비아,0,0.0,0,0.0,0
2026.02,8542321020,SRAM (에스램),스웨덴,1,0.0,0,0.0,1
2026.02,8542321090,Other memory (기타),스위스,0,0.0,0,0.0,0
2026.02,8542324000,MCO (복합부품),스위스,0,0.0,0,0.0,0
2026.02,8542321010,DRAM (디램),스페인,76,0.0,0,0.0,76
2026.02,8542321090,Other memory (기타),스페인,0,0.0,1,0.0,-1
2026.02,8542323000,MCP (복합구조칩),스페인,122,0.0,0,0.0,122
2026.02,8542324000,MCO (복합부품),스페인,0,0.0,0,0.0,0
2026.02,8542323000,MCP (복합구조칩),슬로바키아,962,0.1,0,0.0,962
2026.02,8542324000,MCO (복합부품),슬로바키아,0,0.0,0,0.0,0
2026.02,8542321010,DRAM (디램),싱가포르,413298,2.8,596,0.0,412702
2026.02,8542321020,SRAM (에스램),싱가포르,10,0.0,1,0.0,10
2026.02,8542321030,Flash (플래시 메모리),싱가포르,6901,0.3,870,0.2,6031
2026.02,8542321090,Other memory (기타),싱가포르,5,0.0,6499,0.6,-6494
2026.02,8542322000,Hybrid IC (하이브리드),싱가포르,0,0.0,0,0.0,0
2026.02,8542323000,MCP (복합구조칩),싱가포르,54546,0.1,17344,0.4,37202
2026.02,8542324000,MCO (복합부품),싱가포르,805,0.0,132377,0.8,-131572
2026.02,8542324000,MCO (복합부품),에티오피아,0,0.0,0,0.0,0
2026.02,8542321010,DRAM (디램),영국,1029,0.0,5,0.0,1024
2026.02,8542321090,Other memory (기타),영국,2,0.0,9,0.0,-8
2026.02,8542324000,MCO (복합부품),영국,0,0.0,1,0.0,-1
2026.02,8542321010,DRAM (디램),오스트리아,13,0.0,0,0.0,13
2026.02,8542321030,Flash (플래시 메모리),오스트리아,37,0.0,0,0.0,37
2026.02,8542321090,Other memory (기타),오스트리아,164,0.1,0,0.0,164
2026.02,8542323000,MCP (복합구조칩),오스트리아,17200,0.3,0,0.0,17200
2026.02,8542324000,MCO (복합부품),오스트리아,0,0.0,0,0.0,0
2026.02,8542321090,Other memory (기타),이스라엘,0,0.0,0,0.0,0
2026.02,8542323000,MCP (복합구조칩),이스라엘,29,0.0,7,0.0,22
2026.02,8542324000,MCO (복합부품),이스라엘,0,0.0,0,0.0,0
2026.02,8542321010,DRAM (디램),이집트,6,0.0,0,0.0,6
2026.02,8542321090,Other memory (기타),이집트,48,0.0,0,0.0,48
2026.02,8542323000,MCP (복합구조칩),이집트,6116,0.1,0,0.0,6116
2026.02,8542324000,MCO (복합부품),이집트,1418,0.1,0,0.0,1418
2026.02,8542321090,Other memory (기타),이탈리아,0,0.0,0,0.0,0
2026.02,8542322000,Hybrid IC (하이브리드),이탈리아,0,0.0,0,0.0,0
2026.02,8542321010,DRAM (디램),인도,3470,0.2,0,0.0,3470
2026.02,8542321020,SRAM (에스램),인도,35,0.0,0,0.0,35
2026.02,8542321030,Flash (플래시 메모리),인도,425,0.0,0,0.0,425
2026.02,8542321090,Other memory (기타),인도,884,0.7,0,0.0,884
2026.02,8542323000,MCP (복합구조칩),인도,32818,0.6,0,0.0,32818
2026.02,8542324000,MCO (복합부품),인도,171921,1.3,0,0.0,171921
2026.02,8542321010,DRAM (디램),인도네시아,1295,0.5,0,0.0,1295
2026.02,8542321020,SRAM (에스램),인도네시아,110,0.0,0,0.0,110
2026.02,8542321030,Flash (플래시 메모리),인도네시아,77,0.1,0,0.0,77
2026.02,8542321090,Other memory (기타),인도네시아,32,0.1,0,0.0,32
2026.02,8542323000,MCP (복합구조칩),인도네시아,9936,0.8,0,0.0,9936
2026.02,8542324000,MCO (복합부품),인도네시아,46921,0.3,0,0.0,46921
2026.02,8542321010,DRAM (디램),일본,3308,0.1,1124,0.1,2184
2026.02,8542321020,SRAM (에스램),일본,0,0.0,9,0.0,-9
2026.02,8542321030,Flash (플래시 메모리),일본,33,0.0,2,0.0,31
2026.02,8542321090,Other memory (기타),일본,56,0.1,546,0.3,-490
2026.02,8542323000,MCP (복합구조칩),일본,84172,1.3,40839,0.3,43332
2026.02,8542324000,MCO (복합부품),일본,6960,0.1,1,0.0,6958
2026.02,8542321010,DRAM (디램),중국,4337089,76.1,890334,31.4,3446755
2026.02,8542321020,SRAM (에스램),중국,79,0.0,16,0.0,63
2026.02,8542321030,Flash (플래시 메모리),중국,732597,20.0,219503,6.7,513094
2026.02,8542321090,Other memory (기타),중국,1654,0.8,8552,2.6,-6898
2026.02,8542322000,Hybrid IC (하이브리드),중국,0,0.0,8,0.0,-8
2026.02,8542323000,MCP (복합구조칩),중국,523724,9.0,604468,6.2,-80744
2026.02,8542324000,MCO (복합부품),중국,3570,0.1,219081,1.9,-215511
2026.02,8542321090,Other memory (기타),체코공화국,2224,0.9,0,0.0,2224
2026.02,8542323000,MCP (복합구조칩),체코공화국,460,0.0,0,0.0,460
2026.02,8542324000,MCO (복합부품),체코공화국,0,0.0,0,0.0,0
2026.02,8542321010,DRAM (디램),캐나다,22929,0.1,0,0.0,22929
2026.02,8542323000,MCP (복합구조칩),캐나다,154,0.0,0,0.0,154
2026.02,8542324000,MCO (복합부품),캐나다,0,0.0,0,0.0,0
2026.02,8542324000,MCO (복합부품),콜롬비아,0,0.0,0,0.0,0
2026.02,8542321090,Other memory (기타),쿠웨이트,0,0.0,0,0.0,0
2026.02,8542321010,DRAM (디램),태국,9286,0.2,1,0.0,9286
2026.02,8542321020,SRAM (에스램),태국,0,0.0,9,0.0,-9
2026.02,8542321030,Flash (플래시 메모리),태국,8546,1.2,375,0.1,8171
2026.02,8542321090,Other memory (기타),태국,196,0.2,842,0.3,-645
2026.02,8542322000,Hybrid IC (하이브리드),태국,0,0.0,1,0.0,-1
2026.02,8542323000,MCP (복합구조칩),태국,69846,0.9,0,0.0,69846
2026.02,8542324000,MCO (복합부품),태국,1545,0.1,3,0.0,1543
2026.02,8542321010,DRAM (디램),튀르키예,475,0.0,0,0.0,475
2026.02,8542321090,Other memory (기타),튀르키예,28,0.0,0,0.0,28
2026.02,8542324000,MCO (복합부품),튀르키예,4980,0.1,0,0.0,4980
2026.02,8542323000,MCP (복합구조칩),포루투갈,2765,0.1,0,0.0,2765
2026.02,8542324000,MCO (복합부품),포루투갈,2819,0.1,0,0.0,2819
2026.02,8542321010,DRAM (디램),폴란드,503,0.1,0,0.0,503
2026.02,8542321020,SRAM (에스램),폴란드,275,0.0,0,0.0,275
2026.02,8542321030,Flash (플래시 메모리),폴란드,320,0.6,0,0.0,320
2026.02,8542321090,Other memory (기타),폴란드,432,0.3,0,0.0,432
2026.02,8542323000,MCP (복합구조칩),폴란드,8726,0.6,0,0.0,8726
2026.02,8542321030,Flash (플래시 메모리),프랑스,0,0.0,322,0.2,-322
2026.02,8542321090,Other memory (기타),프랑스,0,0.0,586,0.2,-586
2026.02,8542323000,MCP (복합구조칩),프랑스,16,0.0,0,0.0,16
2026.02,8542324000,MCO (복합부품),프랑스,0,0.0,2,0.0,-2
2026.02,8542321010,DRAM (디램),필리핀,386763,7.4,360,0.1,386403
2026.02,8542321020,SRAM (에스램),필리핀,0,0.0,1,0.0,-1
2026.02,8542321030,Flash (플래시 메모리),필리핀,2867,0.0,59,0.0,2809
2026.02,8542321090,Other memory (기타),필리핀,0,0.0,155,0.1,-155
2026.02,8542323000,MCP (복합구조칩),필리핀,3127,0.0,0,0.0,3127
2026.02,8542324000,MCO (복합부품),필리핀,0,0.0,1,0.0,-1
2026.02,8542321010,DRAM (디램),헝가리,9,0.0,0,0.0,9
2026.02,8542321090,Other memory (기타),헝가리,12,0.0,0,0.0,12
2026.02,8542323000,MCP (복합구조칩),헝가리,6165,0.1,0,0.0,6165
2026.02,8542324000,MCO (복합부품),헝가리,104,0.0,0,0.0,104
2026.02,8542324000,MCO (복합부품),호주,0,0.0,0,0.0,0
2026.02,8542321010,DRAM (디램),홍콩,280624,15.3,568,0.6,280056
2026.02,8542321020,SRAM (에스램),홍콩,90,0.2,0,0.0,90
2026.02,8542321030,Flash (플래시 메모리),홍콩,510537,9.7,77,0.0,510460
2026.02,8542321090,Other memory (기타),홍콩,12774,1.9,1027,0.2,11746
2026.02,8542323000,MCP (복합구조칩),홍콩,1798088,47.7,5852,0.6,1792237
2026.02,8542324000,MCO (복합부품),홍콩,422802,6.0,427,0.0,422376
2026.03,8542321090,Other memory (기타),나미비아,0,0.0,1,0.0,-1
2026.03,8542321010,DRAM (디램),남아프리카공화국,57,0.0,0,0.0,57
2026.03,8542321030,Flash (플래시 메모리),남아프리카공화국,70,0.0,0,0.0,70
2026.03,8542324000,MCO (복합부품),남아프리카공화국,0,0.0,0,0.0,0
2026.03,8542321010,DRAM (디램),네덜란드,5214,0.1,79,0.0,5134
2026.03,8542321030,Flash (플래시 메모리),네덜란드,0,0.0,0,0.0,0
2026.03,8542321090,Other memory (기타),네덜란드,4,0.0,0,0.0,3
2026.03,8542323000,MCP (복합구조칩),네덜란드,12665,0.4,0,0.0,12665
2026.03,8542324000,MCO (복합부품),네덜란드,44,0.0,0,0.0,44
2026.03,8542321030,Flash (플래시 메모리),네팔,0,0.0,0,0.0,0
2026.03,8542321010,DRAM (디램),대만,125762,11.8,37878,7.7,87884
2026.03,8542321020,SRAM (에스램),대만,0,0.0,1474,0.3,-1474
2026.03,8542321030,Flash (플래시 메모리),대만,251197,4.9,8065,4.5,243132
2026.03,8542321090,Other memory (기타),대만,8520,0.1,9665,1.0,-1144
2026.03,8542322000,Hybrid IC (하이브리드),대만,0,0.0,3,0.0,-3
2026.03,8542323000,MCP (복합구조칩),대만,3615475,17.5,35966,1.2,3579509
2026.03,8542324000,MCO (복합부품),대만,2674,0.1,33962,0.2,-31288
2026.03,8542321090,Other memory (기타),덴마크,0,0.0,3,0.0,-3
2026.03,8542321010,DRAM (디램),독일,7039,0.2,0,0.0,7039
2026.03,8542321090,Other memory (기타),독일,0,0.0,49,0.0,-49
2026.03,8542323000,MCP (복합구조칩),독일,18892,0.5,0,0.0,18892
2026.03,8542324000,MCO (복합부품),독일,2125,0.1,0,0.0,2125
2026.03,8542323000,MCP (복합구조칩),루마니아,0,0.0,0,0.0,0
2026.03,8542321010,DRAM (디램),말레이시아,19258,0.3,4,0.0,19255
2026.03,8542321030,Flash (플래시 메모리),말레이시아,4288,0.6,477,0.1,3811
2026.03,8542321090,Other memory (기타),말레이시아,23,0.0,260,0.1,-237
2026.03,8542323000,MCP (복합구조칩),말레이시아,581571,1.7,3,0.0,581568
2026.03,8542324000,MCO (복합부품),말레이시아,0,0.0,5533,0.0,-5533
2026.03,8542321010,DRAM (디램),멕시코,2672,0.3,0,0.0,2672
2026.03,8542321020,SRAM (에스램),멕시코,439,0.0,0,0.0,439
2026.03,8542321030,Flash (플래시 메모리),멕시코,137,0.1,7,0.0,129
2026.03,8542321090,Other memory (기타),멕시코,43,0.1,0,0.0,43
2026.03,8542323000,MCP (복합구조칩),멕시코,14470,1.6,0,0.0,14470
2026.03,8542324000,MCO (복합부품),멕시코,3189,0.1,0,0.0,3189
2026.03,8542321010,DRAM (디램),미국,18604,0.6,905,0.1,17699
2026.03,8542321020,SRAM (에스램),미국,0,0.0,1,0.0,-1
2026.03,8542321030,Flash (플래시 메모리),미국,134,0.0,472,0.1,-337
2026.03,8542321090,Other memory (기타),미국,20,0.0,2019,0.5,-1999
2026.03,8542322000,Hybrid IC (하이브리드),미국,0,0.0,13,0.0,-13
2026.03,8542323000,MCP (복합구조칩),미국,90314,1.3,6,0.0,90309
2026.03,8542324000,MCO (복합부품),미국,3697,0.1,30,0.0,3667
2026.03,8542321090,Other memory (기타),방글라데시,2,0.0,0,0.0,2
2026.03,8542323000,MCP (복합구조칩),방글라데시,31,0.0,0,0.0,31
2026.03,8542324000,MCO (복합부품),방글라데시,190,0.0,0,0.0,190
2026.03,8542321010,DRAM (디램),베트남,1237505,29.1,6592,0.6,1230913
2026.03,8542321020,SRAM (에스램),베트남,3,0.0,0,0.0,3
2026.03,8542321030,Flash (플래시 메모리),베트남,48968,5.0,363,0.1,48605
2026.03,8542321090,Other memory (기타),베트남,21523,7.6,331,0.1,21192
2026.03,8542322000,Hybrid IC (하이브리드),베트남,4,0.0,0,0.0,4
2026.03,8542323000,MCP (복합구조칩),베트남,439377,12.1,494,0.0,438884
2026.03,8542324000,MCO (복합부품),베트남,443322,5.8,0,0.0,443322
2026.03,8542324000,MCO (복합부품),불가리아,0,0.0,0,0.0,0
2026.03,8542321010,DRAM (디램),브라질,58131,1.0,0,0.0,58131
2026.03,8542321020,SRAM (에스램),브라질,24,0.0,0,0.0,24
2026.03,8542321030,Flash (플래시 메모리),브라질,13527,0.3,1,0.0,13527
2026.03,8542321090,Other memory (기타),브라질,177,0.2,0,0.0,177
2026.03,8542323000,MCP (복합구조칩),브라질,23042,0.8,0,0.0,23042
2026.03,8542324000,MCO (복합부품),브라질,60467,0.8,0,0.0,60467
2026.03,8542324000,MCO (복합부품),스웨덴,0,0.0,0,0.0,0
2026.03,8542321090,Other memory (기타),스위스,0,0.0,0,0.0,0
2026.03,8542324000,MCO (복합부품),스위스,0,0.0,0,0.0,0
2026.03,8542321010,DRAM (디램),스페인,100,0.0,0,0.0,100
2026.03,8542323000,MCP (복합구조칩),스페인,119,0.0,0,0.0,119
2026.03,8542323000,MCP (복합구조칩),슬로바키아,1222,0.1,0,0.0,1222
2026.03,8542321010,DRAM (디램),슬로베니아,0,0.0,0,0.0,0
2026.03,8542321010,DRAM (디램),싱가포르,43135,0.4,721,0.1,42414
2026.03,8542321020,SRAM (에스램),싱가포르,9,0.0,6,0.0,2
2026.03,8542321030,Flash (플래시 메모리),싱가포르,18783,1.4,933,0.4,17849
2026.03,8542321090,Other memory (기타),싱가포르,325,0.0,542,0.1,-217
2026.03,8542323000,MCP (복합구조칩),싱가포르,78710,0.3,16482,0.4,62229
2026.03,8542324000,MCO (복합부품),싱가포르,2485,0.1,116102,0.5,-113617
2026.03,8542321010,DRAM (디램),아르헨티나,61,0.1,0,0.0,61
2026.03,8542321010,DRAM (디램),아일랜드,0,0.0,0,0.0,0
2026.03,8542323000,MCP (복합구조칩),아일랜드,1,0.0,0,0.0,1
2026.03,8542324000,MCO (복합부품),아일랜드,8,0.0,0,0.0,8
2026.03,8542321010,DRAM (디램),에스토니아,8,0.0,0,0.0,8
2026.03,8542321010,DRAM (디램),영국,1248,0.0,0,0.0,1248
2026.03,8542321090,Other memory (기타),영국,0,0.0,2,0.1,-2
2026.03,8542323000,MCP (복합구조칩),영국,886,0.0,0,0.0,886
2026.03,8542324000,MCO (복합부품),영국,0,0.0,0,0.0,0
2026.03,8542321010,DRAM (디램),오스트리아,100,0.0,0,0.0,100
2026.03,8542321030,Flash (플래시 메모리),오스트리아,122,0.0,0,0.0,122
2026.03,8542321090,Other memory (기타),오스트리아,1,0.0,0,0.0,1
2026.03,8542323000,MCP (복합구조칩),오스트리아,22172,0.5,0,0.0,22172
2026.03,8542321090,Other memory (기타),이스라엘,0,0.0,0,0.0,0
2026.03,8542321010,DRAM (디램),이집트,10,0.0,0,0.0,10
2026.03,8542321090,Other memory (기타),이집트,77,0.0,0,0.0,77
2026.03,8542323000,MCP (복합구조칩),이집트,2927,0.1,0,0.0,2927
2026.03,8542324000,MCO (복합부품),이집트,4642,0.2,0,0.0,4642
2026.03,8542321090,Other memory (기타),이탈리아,5,0.0,0,0.0,5
2026.03,8542324000,MCO (복합부품),이탈리아,0,0.0,0,0.0,0
2026.03,8542321010,DRAM (디램),인도,8110,0.5,2,0.0,8108
2026.03,8542321020,SRAM (에스램),인도,12,0.0,0,0.0,12
2026.03,8542321030,Flash (플래시 메모리),인도,190,0.0,0,0.0,190
2026.03,8542321090,Other memory (기타),인도,1635,1.6,0,0.0,1635
2026.03,8542323000,MCP (복합구조칩),인도,31107,0.7,0,0.0,31107
2026.03,8542324000,MCO (복합부품),인도,164341,1.2,0,0.0,164341
2026.03,8542321010,DRAM (디램),인도네시아,1716,0.3,0,0.0,1716
2026.03,8542321020,SRAM (에스램),인도네시아,23,0.0,0,0.0,23
2026.03,8542321030,Flash (플래시 메모리),인도네시아,353,0.1,2,0.0,351
2026.03,8542321090,Other memory (기타),인도네시아,23,0.1,0,0.0,23
2026.03,8542323000,MCP (복합구조칩),인도네시아,11257,1.2,51,0.0,11206
2026.03,8542324000,MCO (복합부품),인도네시아,33041,0.5,0,0.0,33041
2026.03,8542321010,DRAM (디램),일본,2813,0.1,73,0.0,2740
2026.03,8542321020,SRAM (에스램),일본,3,0.0,32,0.0,-28
2026.03,8542321030,Flash (플래시 메모리),일본,125,0.0,10,0.0,115
2026.03,8542321090,Other memory (기타),일본,81,0.0,338,0.1,-257
2026.03,8542322000,Hybrid IC (하이브리드),일본,0,0.0,0,0.0,0
2026.03,8542323000,MCP (복합구조칩),일본,86414,1.1,56757,1.4,29657
2026.03,8542324000,MCO (복합부품),일본,12253,0.1,4,0.0,12249
2026.03,8542321010,DRAM (디램),중국,5425354,70.3,1162913,34.8,4262441
2026.03,8542321020,SRAM (에스램),중국,77,0.0,364,0.2,-287
2026.03,8542321030,Flash (플래시 메모리),중국,977675,21.2,283250,7.2,694425
2026.03,8542321090,Other memory (기타),중국,1788,0.7,4884,1.7,-3096
2026.03,8542322000,Hybrid IC (하이브리드),중국,0,0.0,237,0.1,-237
2026.03,8542323000,MCP (복합구조칩),중국,771069,13.4,783990,8.2,-12921
2026.03,8542324000,MCO (복합부품),중국,87511,4.3,287127,2.8,-199616
2026.03,8542321030,Flash (플래시 메모리),체코공화국,3,0.0,0,0.0,3
2026.03,8542321090,Other memory (기타),체코공화국,5392,2.9,0,0.0,5392
2026.03,8542323000,MCP (복합구조칩),체코공화국,290,0.0,0,0.0,290
2026.03,8542324000,MCO (복합부품),체코공화국,0,0.0,0,0.0,0
2026.03,8542323000,MCP (복합구조칩),카메룬,0,0.0,0,0.0,0
2026.03,8542324000,MCO (복합부품),카자흐스탄,0,0.0,0,0.0,0
2026.03,8542321010,DRAM (디램),캐나다,11429,0.1,0,0.0,11429
2026.03,8542321090,Other memory (기타),캐나다,0,0.0,0,0.0,0
2026.03,8542323000,MCP (복합구조칩),캐나다,384,0.0,0,0.0,384
2026.03,8542324000,MCO (복합부품),캐나다,1,0.0,0,0.0,1
2026.03,8542321090,Other memory (기타),케냐,0,0.0,0,0.0,0
2026.03,8542323000,MCP (복합구조칩),코스타리카,2,0.0,0,0.0,2
2026.03,8542321010,DRAM (디램),태국,3665,0.2,169,0.1,3496
2026.03,8542321020,SRAM (에스램),태국,9,0.0,109,0.1,-100
2026.03,8542321030,Flash (플래시 메모리),태국,324,0.1,553,0.1,-229
2026.03,8542321090,Other memory (기타),태국,176,0.2,1280,0.6,-1104
2026.03,8542322000,Hybrid IC (하이브리드),태국,0,0.0,2,0.0,-2
2026.03,8542323000,MCP (복합구조칩),태국,130027,1.6,0,0.0,130027
2026.03,8542324000,MCO (복합부품),태국,2059,0.1,7,0.0,2052
2026.03,8542321010,DRAM (디램),튀르키예,1051,0.0,0,0.0,1051
2026.03,8542321090,Other memory (기타),튀르키예,23,0.0,0,0.0,23
2026.03,8542323000,MCP (복합구조칩),튀르키예,39,0.0,0,0.0,39
2026.03,8542324000,MCO (복합부품),튀르키예,7479,0.1,0,0.0,7479
2026.03,8542321010,DRAM (디램),포루투갈,50,0.0,0,0.0,50
2026.03,8542323000,MCP (복합구조칩),포루투갈,2294,0.1,0,0.0,2294
2026.03,8542324000,MCO (복합부품),포루투갈,3703,0.1,0,0.0,3703
2026.03,8542321010,DRAM (디램),폴란드,1182,0.2,0,0.0,1182
2026.03,8542321020,SRAM (에스램),폴란드,948,0.1,0,0.0,948
2026.03,8542321030,Flash (플래시 메모리),폴란드,249,0.4,0,0.0,249
2026.03,8542321090,Other memory (기타),폴란드,327,0.1,0,0.0,327
2026.03,8542323000,MCP (복합구조칩),폴란드,13873,1.0,0,0.0,13873
2026.03,8542321030,Flash (플래시 메모리),프랑스,0,0.0,410,0.3,-410
2026.03,8542321090,Other memory (기타),프랑스,0,0.0,569,0.1,-569
2026.03,8542323000,MCP (복합구조칩),프랑스,2,0.0,6,0.0,-4
2026.03,8542324000,MCO (복합부품),프랑스,1,0.0,0,0.0,1
2026.03,8542321010,DRAM (디램),필리핀,721067,14.3,56,0.0,721011
2026.03,8542321020,SRAM (에스램),필리핀,0,0.0,42,0.0,-42
2026.03,8542321030,Flash (플래시 메모리),필리핀,1729,0.0,101,0.0,1628
2026.03,8542321090,Other memory (기타),필리핀,0,0.0,77,0.1,-77
2026.03,8542323000,MCP (복합구조칩),필리핀,2341,0.0,0,0.0,2341
2026.03,8542324000,MCO (복합부품),필리핀,0,0.0,6,0.0,-6
2026.03,8542321010,DRAM (디램),헝가리,10,0.0,0,0.0,10
2026.03,8542321090,Other memory (기타),헝가리,2,0.0,0,0.0,2
2026.03,8542323000,MCP (복합구조칩),헝가리,9402,0.1,0,0.0,9402
2026.03,8542324000,MCO (복합부품),헝가리,147,0.0,0,0.0,147
2026.03,8542324000,MCO (복합부품),호주,0,0.0,0,0.0,0
2026.03,8542321010,DRAM (디램),홍콩,317091,15.1,3274,0.6,313817
2026.03,8542321020,SRAM (에스램),홍콩,158,0.3,0,0.0,158
2026.03,8542321030,Flash (플래시 메모리),홍콩,1226722,21.2,1101,0.0,1225621
2026.03,8542321090,Other memory (기타),홍콩,20973,1.8,4531,1.1,16442
2026.03,8542322000,Hybrid IC (하이브리드),홍콩,179,0.1,0,0.0,179
2026.03,8542323000,MCP (복합구조칩),홍콩,2616869,78.3,519,0.0,2616351
2026.03,8542324000,MCO (복합부품),홍콩,728319,10.5,337,0.0,727982
2026.04,8542321030,Flash (플래시 메모리),과테말라,0,0.0,0,0.0,0
2026.04,8542321030,Flash (플래시 메모리),그리스,1,0.0,0,0.0,1
2026.04,8542324000,MCO (복합부품),나미비아,0,0.0,0,0.0,0
2026.04,8542321030,Flash (플래시 메모리),나이지리아,0,0.0,0,0.0,0
2026.04,8542321010,DRAM (디램),남아프리카공화국,56,0.0,0,0.0,56
2026.04,8542321030,Flash (플래시 메모리),남아프리카공화국,42,0.0,0,0.0,42
2026.04,8542321090,Other memory (기타),남아프리카공화국,0,0.0,0,0.0,0
2026.04,8542321010,DRAM (디램),네덜란드,15004,0.7,0,0.0,15004
2026.04,8542321030,Flash (플래시 메모리),네덜란드,2,0.0,0,0.0,2
2026.04,8542321090,Other memory (기타),네덜란드,0,0.0,1,0.0,-1
2026.04,8542323000,MCP (복합구조칩),네덜란드,13128,0.4,0,0.0,13128
2026.04,8542324000,MCO (복합부품),네덜란드,2065,0.0,0,0.0,2065
2026.04,8542324000,MCO (복합부품),뉴질랜드,0,0.0,0,0.0,0
2026.04,8542321010,DRAM (디램),대만,133425,10.2,91264,6.8,42162
2026.04,8542321020,SRAM (에스램),대만,3,0.0,1749,0.2,-1746
2026.04,8542321030,Flash (플래시 메모리),대만,80155,2.0,12736,4.4,67419
2026.04,8542321090,Other memory (기타),대만,15317,0.1,22629,1.3,-7312
2026.04,8542322000,Hybrid IC (하이브리드),대만,0,0.0,137,0.0,-137
2026.04,8542323000,MCP (복합구조칩),대만,3261429,17.3,137717,1.2,3123712
2026.04,8542324000,MCO (복합부품),대만,1040,0.1,124550,0.4,-123509
2026.04,8542321090,Other memory (기타),덴마크,2,0.0,2,0.0,0
2026.04,8542324000,MCO (복합부품),덴마크,0,0.0,0,0.0,0
2026.04,8542321010,DRAM (디램),독일,1644,0.1,0,0.0,1644
2026.04,8542321020,SRAM (에스램),독일,7,0.0,0,0.0,7
2026.04,8542321030,Flash (플래시 메모리),독일,0,0.0,1,0.0,-1
2026.04,8542321090,Other memory (기타),독일,0,0.0,5,0.0,-5
2026.04,8542323000,MCP (복합구조칩),독일,15616,0.5,0,0.0,15616
2026.04,8542324000,MCO (복합부품),독일,2785,0.1,0,0.0,2785
2026.04,8542321030,Flash (플래시 메모리),라트비아,0,0.0,0,0.0,0
2026.04,8542321030,Flash (플래시 메모리),루마니아,3,0.0,0,0.0,3
2026.04,8542321090,Other memory (기타),루마니아,0,0.0,1,0.0,-1
2026.04,8542321010,DRAM (디램),룩셈부르그,0,0.0,0,0.0,0
2026.04,8542324000,MCO (복합부품),룩셈부르그,0,0.0,0,0.0,0
2026.04,8542324000,MCO (복합부품),리투아니아,0,0.0,0,0.0,0
2026.04,8542321010,DRAM (디램),말레이시아,53504,0.3,1,0.0,53503
2026.04,8542321020,SRAM (에스램),말레이시아,0,0.0,2,0.0,-2
2026.04,8542321030,Flash (플래시 메모리),말레이시아,6704,0.7,178,0.0,6526
2026.04,8542321090,Other memory (기타),말레이시아,1,0.0,1696,0.1,-1695
2026.04,8542323000,MCP (복합구조칩),말레이시아,432892,2.6,0,0.0,432892
2026.04,8542324000,MCO (복합부품),말레이시아,21,0.0,1472,0.0,-1451
2026.04,8542321010,DRAM (디램),멕시코,5941,0.3,0,0.0,5941
2026.04,8542321020,SRAM (에스램),멕시코,49,0.0,0,0.0,49
2026.04,8542321030,Flash (플래시 메모리),멕시코,10,0.0,5,0.0,4
2026.04,8542321090,Other memory (기타),멕시코,349,0.4,0,0.0,349
2026.04,8542323000,MCP (복합구조칩),멕시코,10679,1.2,0,0.0,10679
2026.04,8542324000,MCO (복합부품),멕시코,1874,0.0,0,0.0,1874
2026.04,8542321030,Flash (플래시 메모리),모로코,1,0.0,0,0.0,1
2026.04,8542321010,DRAM (디램),미국,26449,0.6,841,0.1,25608
2026.04,8542321020,SRAM (에스램),미국,0,0.0,1,0.0,-1
2026.04,8542321030,Flash (플래시 메모리),미국,40,0.1,123,0.0,-82
2026.04,8542321090,Other memory (기타),미국,35,0.0,1313,0.3,-1278
2026.04,8542322000,Hybrid IC (하이브리드),미국,0,0.0,8,0.0,-8
2026.04,8542323000,MCP (복합구조칩),미국,146466,1.4,153,0.0,146313
2026.04,8542324000,MCO (복합부품),미국,2817,0.1,18,0.0,2798
2026.04,8542321090,Other memory (기타),방글라데시,4,0.0,0,0.0,4
2026.04,8542323000,MCP (복합구조칩),방글라데시,92,0.0,0,0.0,92
2026.04,8542324000,MCO (복합부품),방글라데시,116,0.0,0,0.0,116
2026.04,8542321010,DRAM (디램),베트남,1446881,29.7,3495,0.3,1443386
2026.04,8542321020,SRAM (에스램),베트남,6,0.0,0,0.0,6
2026.04,8542321030,Flash (플래시 메모리),베트남,43147,4.4,1849,0.3,41298
2026.04,8542321090,Other memory (기타),베트남,20870,10.4,127,0.0,20743
2026.04,8542322000,Hybrid IC (하이브리드),베트남,7,0.0,0,0.0,7
2026.04,8542323000,MCP (복합구조칩),베트남,618721,11.7,4260,0.2,614462
2026.04,8542324000,MCO (복합부품),베트남,658513,4.0,5,0.0,658508
2026.04,8542321010,DRAM (디램),브라질,27512,0.4,0,0.0,27512
2026.04,8542321020,SRAM (에스램),브라질,2,0.0,0,0.0,2
2026.04,8542321030,Flash (플래시 메모리),브라질,12904,0.3,1,0.0,12903
2026.04,8542321090,Other memory (기타),브라질,216,0.2,0,0.0,216
2026.04,8542323000,MCP (복합구조칩),브라질,55492,1.3,0,0.0,55492
2026.04,8542324000,MCO (복합부품),브라질,87447,0.8,0,0.0,87447
2026.04,8542321030,Flash (플래시 메모리),사우디아라비아,2,0.0,0,0.0,2
2026.04,8542321030,Flash (플래시 메모리),사이프러스,0,0.0,0,0.0,0
2026.04,8542324000,MCO (복합부품),세르비아,0,0.0,0,0.0,0
2026.04,8542321010,DRAM (디램),스웨덴,13,0.0,0,0.0,13
2026.04,8542321020,SRAM (에스램),스웨덴,3,0.0,0,0.0,3
2026.04,8542321030,Flash (플래시 메모리),스웨덴,15,0.0,0,0.0,15
2026.04,8542324000,MCO (복합부품),스웨덴,0,0.0,0,0.0,0
2026.04,8542321090,Other memory (기타),스위스,0,0.0,0,0.0,0
2026.04,8542324000,MCO (복합부품),스위스,0,0.0,0,0.0,0
2026.04,8542321010,DRAM (디램),스페인,123,0.0,0,0.0,123
2026.04,8542321030,Flash (플래시 메모리),스페인,4,0.0,0,0.0,4
2026.04,8542321090,Other memory (기타),스페인,0,0.0,1,0.0,-1
2026.04,8542323000,MCP (복합구조칩),스페인,129,0.0,0,0.0,129
2026.04,8542324000,MCO (복합부품),스페인,0,0.0,0,0.0,0
2026.04,8542323000,MCP (복합구조칩),슬로바키아,1190,0.1,0,0.0,1190
2026.04,8542324000,MCO (복합부품),슬로바키아,0,0.0,0,0.0,0
2026.04,8542321010,DRAM (디램),싱가포르,112003,0.7,613,0.1,111390
2026.04,8542321030,Flash (플래시 메모리),싱가포르,15998,0.6,3387,0.4,12610
2026.04,8542321090,Other memory (기타),싱가포르,9,0.0,1354,0.1,-1344
2026.04,8542323000,MCP (복합구조칩),싱가포르,325,0.0,4076,0.2,-3751
2026.04,8542324000,MCO (복합부품),싱가포르,2094,0.0,284148,1.0,-282054
2026.04,8542321010,DRAM (디램),아랍에미리트 연합,0,0.0,1,0.0,-1
2026.04,8542321030,Flash (플래시 메모리),아랍에미리트 연합,1,0.0,0,0.0,1
2026.04,8542321010,DRAM (디램),아르헨티나,91,0.3,0,0.0,91
2026.04,8542324000,MCO (복합부품),에스토니아,0,0.0,0,0.0,0
2026.04,8542321030,Flash (플래시 메모리),에쿠아도르,0,0.0,0,0.0,0
2026.04,8542321010,DRAM (디램),영국,535,0.0,0,0.0,535
2026.04,8542321030,Flash (플래시 메모리),영국,0,0.0,0,0.0,0
2026.04,8542321090,Other memory (기타),영국,16,0.0,2,0.0,13
2026.04,8542323000,MCP (복합구조칩),영국,79,0.0,0,0.0,79
2026.04,8542324000,MCO (복합부품),영국,0,0.0,0,0.0,0
2026.04,8542321010,DRAM (디램),오스트리아,113,0.0,0,0.0,113
2026.04,8542321030,Flash (플래시 메모리),오스트리아,120,0.0,0,0.0,120
2026.04,8542321090,Other memory (기타),오스트리아,17,0.3,0,0.0,17
2026.04,8542323000,MCP (복합구조칩),오스트리아,6709,0.1,0,0.0,6709
2026.04,8542324000,MCO (복합부품),오스트리아,0,0.0,0,0.0,0
2026.04,8542321030,Flash (플래시 메모리),요르단,0,0.0,0,0.0,0
2026.04,8542321030,Flash (플래시 메모리),이스라엘,1,0.0,0,0.0,1
2026.04,8542321090,Other memory (기타),이스라엘,0,0.0,0,0.0,0
2026.04,8542323000,MCP (복합구조칩),이스라엘,45,0.0,2,0.0,43
2026.04,8542321010,DRAM (디램),이집트,55,0.0,0,0.0,55
2026.04,8542321030,Flash (플래시 메모리),이집트,0,0.0,0,0.0,0
2026.04,8542321090,Other memory (기타),이집트,42,0.0,0,0.0,42
2026.04,8542323000,MCP (복합구조칩),이집트,16808,0.3,0,0.0,16808
2026.04,8542324000,MCO (복합부품),이집트,1254,0.0,0,0.0,1254
2026.04,8542321030,Flash (플래시 메모리),이탈리아,5,0.0,0,0.0,5
2026.04,8542321090,Other memory (기타),이탈리아,1,0.0,0,0.0,1
2026.04,8542323000,MCP (복합구조칩),이탈리아,3,0.0,0,0.0,3
2026.04,8542324000,MCO (복합부품),이탈리아,2,0.0,1,0.0,1
2026.04,8542321010,DRAM (디램),인도,8745,0.5,0,0.0,8745
2026.04,8542321020,SRAM (에스램),인도,12,0.0,0,0.0,12
2026.04,8542321030,Flash (플래시 메모리),인도,125,0.1,2,0.0,123
2026.04,8542321090,Other memory (기타),인도,1582,0.8,0,0.0,1582
2026.04,8542323000,MCP (복합구조칩),인도,59614,0.5,2,0.0,59612
2026.04,8542324000,MCO (복합부품),인도,397634,1.9,0,0.0,397634
2026.04,8542321010,DRAM (디램),인도네시아,2436,0.5,0,0.0,2436
2026.04,8542321020,SRAM (에스램),인도네시아,70,0.0,0,0.0,70
2026.04,8542321030,Flash (플래시 메모리),인도네시아,213,0.1,0,0.0,213
2026.04,8542321090,Other memory (기타),인도네시아,116,0.2,30,0.0,87
2026.04,8542323000,MCP (복합구조칩),인도네시아,16346,0.7,0,0.0,16346
2026.04,8542324000,MCO (복합부품),인도네시아,56194,0.4,0,0.0,56194
2026.04,8542321010,DRAM (디램),일본,2560,0.1,1047,0.2,1513
2026.04,8542321020,SRAM (에스램),일본,4,0.0,84,0.0,-80
2026.04,8542321030,Flash (플래시 메모리),일본,11,0.0,85,0.1,-74
2026.04,8542321090,Other memory (기타),일본,69,0.0,688,0.4,-619
2026.04,8542323000,MCP (복합구조칩),일본,125037,1.6,19870,0.1,105167
2026.04,8542324000,MCO (복합부품),일본,11308,0.1,12,0.0,11296
2026.04,8542321010,DRAM (디램),중국,6597570,67.5,906034,26.2,5691536
2026.04,8542321020,SRAM (에스램),중국,0,0.0,510,0.0,-509
2026.04,8542321030,Flash (플래시 메모리),중국,1256069,21.2,232028,6.4,1024041
2026.04,8542321090,Other memory (기타),중국,1423,0.8,7712,2.0,-6289
2026.04,8542322000,Hybrid IC (하이브리드),중국,4,0.0,441,0.0,-437
2026.04,8542323000,MCP (복합구조칩),중국,740103,10.4,1096985,8.1,-356882
2026.04,8542324000,MCO (복합부품),중국,63989,2.8,452495,2.8,-388506
2026.04,8542321030,Flash (플래시 메모리),체코공화국,2,0.0,0,0.0,2
2026.04,8542321090,Other memory (기타),체코공화국,2424,1.1,0,0.0,2424
2026.04,8542323000,MCP (복합구조칩),체코공화국,315,0.0,0,0.0,315
2026.04,8542321030,Flash (플래시 메모리),칠레,3,0.0,0,0.0,3
2026.04,8542321030,Flash (플래시 메모리),카자흐스탄,1,0.0,0,0.0,1
2026.04,8542321010,DRAM (디램),캐나다,21008,0.1,0,0.0,21008
2026.04,8542321030,Flash (플래시 메모리),캐나다,3,0.0,0,0.0,3
2026.04,8542321090,Other memory (기타),캐나다,0,0.0,0,0.0,0
2026.04,8542323000,MCP (복합구조칩),캐나다,139,0.0,2,0.0,137
2026.04,8542324000,MCO (복합부품),캐나다,3,0.0,0,0.0,3
2026.04,8542321030,Flash (플래시 메모리),케냐,0,0.0,0,0.0,0
2026.04,8542321030,Flash (플래시 메모리),콜롬비아,0,0.0,0,0.0,0
2026.04,8542321010,DRAM (디램),태국,6791,0.3,2,0.0,6789
2026.04,8542321020,SRAM (에스램),태국,0,0.0,41,0.0,-41
2026.04,8542321030,Flash (플래시 메모리),태국,5205,0.8,182,0.0,5023
2026.04,8542321090,Other memory (기타),태국,396,0.3,1189,0.5,-793
2026.04,8542322000,Hybrid IC (하이브리드),태국,0,0.0,1,0.0,-1
2026.04,8542323000,MCP (복합구조칩),태국,200715,1.5,1,0.0,200714
2026.04,8542324000,MCO (복합부품),태국,1024,0.0,3,0.0,1021
2026.04,8542321090,Other memory (기타),튀르키예,52,0.1,0,0.0,52
2026.04,8542323000,MCP (복합구조칩),튀르키예,77,0.0,0,0.0,77
2026.04,8542324000,MCO (복합부품),튀르키예,10131,0.2,0,0.0,10131
2026.04,8542321030,Flash (플래시 메모리),파나마,0,0.0,0,0.0,0
2026.04,8542321030,Flash (플래시 메모리),페루,0,0.0,0,0.0,0
2026.04,8542321010,DRAM (디램),포루투갈,50,0.0,0,0.0,50
2026.04,8542321030,Flash (플래시 메모리),포루투갈,1,0.0,0,0.0,1
2026.04,8542323000,MCP (복합구조칩),포루투갈,4845,0.1,0,0.0,4845
2026.04,8542324000,MCO (복합부품),포루투갈,2054,0.0,0,0.0,2054
2026.04,8542321010,DRAM (디램),폴란드,766,0.2,0,0.0,766
2026.04,8542321020,SRAM (에스램),폴란드,406,0.0,0,0.0,406
2026.04,8542321030,Flash (플래시 메모리),폴란드,288,0.3,0,0.0,288
2026.04,8542321090,Other memory (기타),폴란드,30,0.0,0,0.0,30
2026.04,8542323000,MCP (복합구조칩),폴란드,11085,0.8,0,0.0,11085
2026.04,8542321030,Flash (플래시 메모리),프랑스,5,0.0,366,0.2,-361
2026.04,8542321090,Other memory (기타),프랑스,3,0.0,847,0.3,-844
2026.04,8542323000,MCP (복합구조칩),프랑스,2,0.0,13,0.0,-11
2026.04,8542324000,MCO (복합부품),프랑스,1,0.0,0,0.0,1
2026.04,8542323000,MCP (복합구조칩),핀란드,2655,0.0,0,0.0,2655
2026.04,8542321010,DRAM (디램),필리핀,567135,7.3,107,0.0,567028
2026.04,8542321020,SRAM (에스램),필리핀,0,0.0,5,0.0,-5
2026.04,8542321030,Flash (플래시 메모리),필리핀,5733,0.1,27,0.0,5706
2026.04,8542321090,Other memory (기타),필리핀,0,0.0,163,0.1,-163
2026.04,8542323000,MCP (복합구조칩),필리핀,5800,0.1,0,0.0,5800
2026.04,8542324000,MCO (복합부품),필리핀,0,0.0,1,0.0,-1
2026.04,8542321030,Flash (플래시 메모리),헝가리,1,0.0,0,0.0,1
2026.04,8542321090,Other memory (기타),헝가리,0,0.0,0,0.0,0
2026.04,8542323000,MCP (복합구조칩),헝가리,27265,0.4,0,0.0,27265
2026.04,8542324000,MCO (복합부품),헝가리,122,0.0,0,0.0,122
2026.04,8542321010,DRAM (디램),호주,0,0.0,1,0.0,-1
2026.04,8542324000,MCO (복합부품),호주,0,0.0,0,0.0,0
2026.04,8542321010,DRAM (디램),홍콩,217637,19.3,9646,2.1,207992
2026.04,8542321020,SRAM (에스램),홍콩,193,0.4,25,0.0,169
2026.04,8542321030,Flash (플래시 메모리),홍콩,246927,5.5,18,0.0,246909
2026.04,8542321090,Other memory (기타),홍콩,18594,1.6,1762,0.2,16832
2026.04,8542323000,MCP (복합구조칩),홍콩,2383414,59.0,20480,0.8,2362934
2026.04,8542324000,MCO (복합부품),홍콩,385924,4.2,7,0.0,385918
2026.05,8542321010,DRAM (디램),남아프리카공화국,57,0.0,0,0.0,57
2026.05,8542321030,Flash (플래시 메모리),남아프리카공화국,42,0.0,0,0.0,42
2026.05,8542324000,MCO (복합부품),남아프리카공화국,0,0.0,0,0.0,0
2026.05,8542321010,DRAM (디램),네덜란드,5040,0.1,0,0.0,5040
2026.05,8542321090,Other memory (기타),네덜란드,0,0.0,0,0.0,0
2026.05,8542323000,MCP (복합구조칩),네덜란드,11736,0.3,0,0.0,11736
2026.05,8542324000,MCO (복합부품),네덜란드,976,0.0,0,0.0,976
2026.05,8542321010,DRAM (디램),대만,196348,11.9,22782,4.9,173566
2026.05,8542321020,SRAM (에스램),대만,17,0.0,468,0.1,-452
2026.05,8542321030,Flash (플래시 메모리),대만,76174,1.2,9729,4.3,66445
2026.05,8542321090,Other memory (기타),대만,783,0.1,93245,2.6,-92462
2026.05,8542322000,Hybrid IC (하이브리드),대만,0,0.0,0,0.0,0
2026.05,8542323000,MCP (복합구조칩),대만,3888555,17.7,172064,1.4,3716490
2026.05,8542324000,MCO (복합부품),대만,3434,0.2,94830,0.2,-91397
2026.05,8542321090,Other memory (기타),덴마크,0,0.0,0,0.0,0
2026.05,8542321010,DRAM (디램),독일,3276,0.1,0,0.0,3276
2026.05,8542321030,Flash (플래시 메모리),독일,9,0.0,0,0.0,9
2026.05,8542321090,Other memory (기타),독일,0,0.0,15,0.0,-15
2026.05,8542323000,MCP (복합구조칩),독일,28468,0.9,0,0.0,28468
2026.05,8542324000,MCO (복합부품),독일,1705,0.0,5,0.0,1700
2026.05,8542321020,SRAM (에스램),루마니아,0,0.0,1,0.0,-1
2026.05,8542321090,Other memory (기타),루마니아,0,0.0,0,0.0,0
2026.05,8542324000,MCO (복합부품),룩셈부르그,0,0.0,0,0.0,0
2026.05,8542324000,MCO (복합부품),리투아니아,0,0.0,0,0.0,0
2026.05,8542321010,DRAM (디램),말레이시아,34903,0.3,1,0.0,34902
2026.05,8542321020,SRAM (에스램),말레이시아,0,0.0,16,0.0,-16
2026.05,8542321030,Flash (플래시 메모리),말레이시아,6598,0.7,247,0.1,6351
2026.05,8542321090,Other memory (기타),말레이시아,0,0.0,2144,0.1,-2144
2026.05,8542323000,MCP (복합구조칩),말레이시아,336613,0.9,0,0.0,336613
2026.05,8542324000,MCO (복합부품),말레이시아,41,0.0,0,0.0,41
2026.05,8542321010,DRAM (디램),멕시코,6417,0.3,0,0.0,6417
2026.05,8542321020,SRAM (에스램),멕시코,142,0.0,0,0.0,142
2026.05,8542321030,Flash (플래시 메모리),멕시코,50,0.0,8,0.0,42
2026.05,8542321090,Other memory (기타),멕시코,234,0.3,0,0.0,234
2026.05,8542323000,MCP (복합구조칩),멕시코,14453,0.7,0,0.0,14453
2026.05,8542324000,MCO (복합부품),멕시코,8050,1.5,0,0.0,8050
2026.05,8542321010,DRAM (디램),미국,36300,1.0,234,0.0,36066
2026.05,8542321020,SRAM (에스램),미국,0,0.0,0,0.0,0
2026.05,8542321030,Flash (플래시 메모리),미국,352,0.0,84,0.0,268
2026.05,8542321090,Other memory (기타),미국,1,0.0,4291,0.3,-4291
2026.05,8542323000,MCP (복합구조칩),미국,261068,1.9,343,0.0,260725
2026.05,8542324000,MCO (복합부품),미국,4842,0.1,9,0.0,4833
2026.05,8542321090,Other memory (기타),방글라데시,6,0.0,0,0.0,6
2026.05,8542323000,MCP (복합구조칩),방글라데시,184,0.0,0,0.0,184
2026.05,8542321010,DRAM (디램),베트남,1796729,30.2,13229,0.8,1783500
2026.05,8542321020,SRAM (에스램),베트남,6,0.0,0,0.0,6
2026.05,8542321030,Flash (플래시 메모리),베트남,42324,3.7,702,0.2,41622
2026.05,8542321090,Other memory (기타),베트남,21871,9.5,35,0.0,21836
2026.05,8542322000,Hybrid IC (하이브리드),베트남,10,0.0,0,0.0,10
2026.05,8542323000,MCP (복합구조칩),베트남,640502,11.5,5863,0.2,634639
2026.05,8542324000,MCO (복합부품),베트남,1002439,8.0,0,0.0,1002439
2026.05,8542324000,MCO (복합부품),벨기에,0,0.0,0,0.0,0
2026.05,8542324000,MCO (복합부품),불가리아,0,0.0,0,0.0,0
2026.05,8542321010,DRAM (디램),브라질,61114,0.9,1,0.0,61114
2026.05,8542321030,Flash (플래시 메모리),브라질,13155,0.2,0,0.0,13155
2026.05,8542321090,Other memory (기타),브라질,221,0.1,0,0.0,221
2026.05,8542323000,MCP (복합구조칩),브라질,26290,0.6,0,0.0,26290
2026.05,8542324000,MCO (복합부품),브라질,59540,0.5,0,0.0,59540
2026.05,8542324000,MCO (복합부품),세르비아,0,0.0,0,0.0,0
2026.05,8542324000,MCO (복합부품),스위스,0,0.0,0,0.0,0
2026.05,8542321010,DRAM (디램),스페인,95,0.0,0,0.0,95
2026.05,8542323000,MCP (복합구조칩),스페인,165,0.0,0,0.0,165
2026.05,8542324000,MCO (복합부품),스페인,0,0.0,0,0.0,0
2026.05,8542323000,MCP (복합구조칩),슬로바키아,1331,0.1,31,0.0,1300
2026.05,8542321010,DRAM (디램),싱가포르,176160,1.8,938,0.0,175222
2026.05,8542321030,Flash (플래시 메모리),싱가포르,7702,0.2,1589,0.2,6113
2026.05,8542321090,Other memory (기타),싱가포르,825,0.1,12736,0.5,-11911
2026.05,8542323000,MCP (복합구조칩),싱가포르,2133,0.0,66426,0.3,-64293
2026.05,8542324000,MCO (복합부품),싱가포르,1385,0.0,193653,0.5,-192268
2026.05,8542324000,MCO (복합부품),아랍에미리트 연합,0,0.0,0,0.0,0
2026.05,8542321010,DRAM (디램),아르헨티나,31,0.0,0,0.0,31
2026.05,8542321090,Other memory (기타),아르헨티나,1,0.0,0,0.0,1
2026.05,8542324000,MCO (복합부품),아일랜드,0,0.0,0,0.0,0
2026.05,8542321010,DRAM (디램),에스토니아,65,0.0,0,0.0,65
2026.05,8542324000,MCO (복합부품),에티오피아,0,0.0,0,0.0,0
2026.05,8542321010,DRAM (디램),영국,839,0.0,0,0.0,839
2026.05,8542321030,Flash (플래시 메모리),영국,4,0.0,0,0.0,4
2026.05,8542321090,Other memory (기타),영국,0,0.0,8,0.0,-8
2026.05,8542323000,MCP (복합구조칩),영국,1038,0.0,5,0.0,1033
2026.05,8542324000,MCO (복합부품),영국,0,0.0,0,0.0,0
2026.05,8542321030,Flash (플래시 메모리),오스트리아,60,0.0,0,0.0,60
2026.05,8542323000,MCP (복합구조칩),오스트리아,7908,0.2,0,0.0,7908
2026.05,8542321090,Other memory (기타),이스라엘,0,0.0,0,0.0,0
2026.05,8542322000,Hybrid IC (하이브리드),이스라엘,7,0.0,0,0.0,7
2026.05,8542323000,MCP (복합구조칩),이스라엘,135,0.0,0,0.0,135
2026.05,8542321010,DRAM (디램),이집트,1,0.0,0,0.0,1
2026.05,8542321090,Other memory (기타),이집트,23,0.0,0,0.0,23
2026.05,8542323000,MCP (복합구조칩),이집트,14475,0.3,0,0.0,14475
2026.05,8542324000,MCO (복합부품),이집트,6398,0.1,0,0.0,6398
2026.05,8542321090,Other memory (기타),이탈리아,0,0.0,1,0.0,-1
2026.05,8542324000,MCO (복합부품),이탈리아,1,0.0,0,0.0,1
2026.05,8542321010,DRAM (디램),인도,7916,0.3,0,0.0,7916
2026.05,8542321020,SRAM (에스램),인도,23,0.0,0,0.0,23
2026.05,8542321030,Flash (플래시 메모리),인도,2356,0.2,0,0.0,2356
2026.05,8542321090,Other memory (기타),인도,1569,1.3,0,0.0,1569
2026.05,8542323000,MCP (복합구조칩),인도,61471,1.0,0,0.0,61471
2026.05,8542324000,MCO (복합부품),인도,275890,1.8,0,0.0,275890
2026.05,8542321010,DRAM (디램),인도네시아,3288,0.5,0,0.0,3288
2026.05,8542321020,SRAM (에스램),인도네시아,23,0.0,0,0.0,23
2026.05,8542321030,Flash (플래시 메모리),인도네시아,274,0.1,6,0.0,268
2026.05,8542321090,Other memory (기타),인도네시아,45,0.1,4,0.0,41
2026.05,8542323000,MCP (복합구조칩),인도네시아,34066,2.8,0,0.0,34066
2026.05,8542324000,MCO (복합부품),인도네시아,45960,0.3,0,0.0,45960
2026.05,8542321010,DRAM (디램),일본,3168,0.1,173,0.0,2995
2026.05,8542321020,SRAM (에스램),일본,0,0.0,129,0.0,-129
2026.05,8542321030,Flash (플래시 메모리),일본,26,0.0,16,0.0,10
2026.05,8542321090,Other memory (기타),일본,117,0.0,25662,0.4,-25545
2026.05,8542323000,MCP (복합구조칩),일본,86405,1.3,60591,0.2,25814
2026.05,8542324000,MCO (복합부품),일본,10017,0.1,3,0.0,10014
2026.05,8542321010,DRAM (디램),중국,8003193,74.9,1001150,25.8,7002042
2026.05,8542321020,SRAM (에스램),중국,94,0.0,169,0.1,-75
2026.05,8542321030,Flash (플래시 메모리),중국,1345539,18.3,258664,7.0,1086875
2026.05,8542321090,Other memory (기타),중국,2951,0.7,21307,2.0,-18356
2026.05,8542322000,Hybrid IC (하이브리드),중국,0,0.0,206,0.0,-206
2026.05,8542323000,MCP (복합구조칩),중국,1067235,10.3,1180092,8.8,-112857
2026.05,8542324000,MCO (복합부품),중국,39353,2.4,425618,2.3,-386266
2026.05,8542321090,Other memory (기타),체코공화국,4190,0.5,0,0.0,4190
2026.05,8542323000,MCP (복합구조칩),체코공화국,261,0.0,0,0.0,261
2026.05,8542324000,MCO (복합부품),체코공화국,0,0.0,0,0.0,0
2026.05,8542321010,DRAM (디램),캐나다,35832,0.2,1,0.0,35831
2026.05,8542324000,MCO (복합부품),캐나다,2,0.0,0,0.0,2
2026.05,8542324000,MCO (복합부품),콜롬비아,0,0.0,0,0.0,0
2026.05,8542321010,DRAM (디램),태국,3970,0.2,0,0.0,3970
2026.05,8542321020,SRAM (에스램),태국,0,0.0,54,0.0,-54
2026.05,8542321030,Flash (플래시 메모리),태국,7061,0.9,897,0.2,6165
2026.05,8542321090,Other memory (기타),태국,59,0.1,1747,0.4,-1688
2026.05,8542322000,Hybrid IC (하이브리드),태국,0,0.0,4,0.0,-4
2026.05,8542323000,MCP (복합구조칩),태국,67409,1.2,46,0.0,67363
2026.05,8542324000,MCO (복합부품),태국,1714,0.1,6,0.0,1707
2026.05,8542321010,DRAM (디램),튀르키예,735,0.0,0,0.0,735
2026.05,8542321030,Flash (플래시 메모리),튀르키예,2,0.0,0,0.0,2
2026.05,8542321090,Other memory (기타),튀르키예,7,0.0,0,0.0,7
2026.05,8542323000,MCP (복합구조칩),튀르키예,1498,0.0,0,0.0,1498
2026.05,8542324000,MCO (복합부품),튀르키예,10064,0.2,0,0.0,10064
2026.05,8542323000,MCP (복합구조칩),포루투갈,3424,0.1,0,0.0,3424
2026.05,8542324000,MCO (복합부품),포루투갈,2502,0.0,0,0.0,2502
2026.05,8542321010,DRAM (디램),폴란드,925,0.2,0,0.0,925
2026.05,8542321020,SRAM (에스램),폴란드,307,0.0,0,0.0,307
2026.05,8542321030,Flash (플래시 메모리),폴란드,242,0.3,0,0.0,242
2026.05,8542321090,Other memory (기타),폴란드,28,0.0,0,0.0,28
2026.05,8542323000,MCP (복합구조칩),폴란드,11125,1.0,0,0.0,11125
2026.05,8542324000,MCO (복합부품),폴란드,438,0.0,0,0.0,438
2026.05,8542321030,Flash (플래시 메모리),프랑스,0,0.0,396,0.2,-396
2026.05,8542321090,Other memory (기타),프랑스,0,0.0,728,0.2,-728
2026.05,8542322000,Hybrid IC (하이브리드),프랑스,0,0.0,0,0.0,0
2026.05,8542323000,MCP (복합구조칩),프랑스,7,0.0,0,0.0,7
2026.05,8542324000,MCO (복합부품),프랑스,0,0.0,0,0.0,0
2026.05,8542321010,DRAM (디램),필리핀,899833,9.2,0,0.0,899833
2026.05,8542321020,SRAM (에스램),필리핀,0,0.0,35,0.0,-35
2026.05,8542321030,Flash (플래시 메모리),필리핀,15658,0.1,80,0.0,15578
2026.05,8542321090,Other memory (기타),필리핀,0,0.0,109,0.1,-109
2026.05,8542323000,MCP (복합구조칩),필리핀,5283,0.1,1,0.0,5281
2026.05,8542324000,MCO (복합부품),필리핀,0,0.0,3,0.0,-3
2026.05,8542321010,DRAM (디램),헝가리,0,0.0,232,0.1,-232
2026.05,8542323000,MCP (복합구조칩),헝가리,13182,0.2,0,0.0,13182
2026.05,8542324000,MCO (복합부품),헝가리,108,0.0,0,0.0,108
2026.05,8542321010,DRAM (디램),홍콩,152136,15.2,26836,2.2,125300
2026.05,8542321020,SRAM (에스램),홍콩,119,0.2,0,0.0,119
2026.05,8542321030,Flash (플래시 메모리),홍콩,204110,4.4,50,0.0,204060
2026.05,8542321090,Other memory (기타),홍콩,15648,1.5,1611,0.3,14037
2026.05,8542322000,Hybrid IC (하이브리드),홍콩,99,0.0,0,0.0,99
2026.05,8542323000,MCP (복합구조칩),홍콩,3035139,61.7,27674,1.2,3007465
2026.05,8542324000,MCO (복합부품),홍콩,656091,4.4,5,0.0,656086
2026.06,8542321090,Other memory (기타),그리스,0,0.0,7,0.0,-7
2026.06,8542321030,Flash (플래시 메모리),나미비아,0,0.0,0,0.0,0
2026.06,8542321010,DRAM (디램),남아프리카공화국,58,0.0,0,0.0,58
2026.06,8542321030,Flash (플래시 메모리),남아프리카공화국,41,0.0,0,0.0,41
2026.06,8542321090,Other memory (기타),남아프리카공화국,0,0.0,0,0.0,0
2026.06,8542324000,MCO (복합부품),남아프리카공화국,0,0.0,0,0.0,0
2026.06,8542321010,DRAM (디램),네덜란드,28796,0.3,41,0.0,28755
2026.06,8542321030,Flash (플래시 메모리),네덜란드,0,0.0,0,0.0,0
2026.06,8542321090,Other memory (기타),네덜란드,0,0.0,0,0.0,0
2026.06,8542323000,MCP (복합구조칩),네덜란드,22084,0.5,0,0.0,22084
2026.06,8542324000,MCO (복합부품),네덜란드,319,0.0,0,0.0,319
2026.06,8542321030,Flash (플래시 메모리),네팔,0,0.0,0,0.0,0
2026.06,8542324000,MCO (복합부품),노르웨이,0,0.0,0,0.0,0
2026.06,8542324000,MCO (복합부품),뉴질랜드,0,0.0,0,0.0,0
2026.06,8542321010,DRAM (디램),대만,151862,7.6,34533,5.3,117329
2026.06,8542321020,SRAM (에스램),대만,0,0.0,2515,0.3,-2515
2026.06,8542321030,Flash (플래시 메모리),대만,240001,2.6,15528,4.0,224473
2026.06,8542321090,Other memory (기타),대만,5770,0.1,125948,2.6,-120179
2026.06,8542323000,MCP (복합구조칩),대만,5029234,18.4,142325,2.3,4886909
2026.06,8542324000,MCO (복합부품),대만,514,0.0,113167,0.3,-112652
2026.06,8542321010,DRAM (디램),덴마크,0,0.0,1,0.0,-1
2026.06,8542321090,Other memory (기타),덴마크,42,0.0,1,0.0,41
2026.06,8542324000,MCO (복합부품),덴마크,0,0.0,0,0.0,0
2026.06,8542321010,DRAM (디램),독일,9933,0.2,0,0.0,9933
2026.06,8542321020,SRAM (에스램),독일,0,0.0,0,0.0,0
2026.06,8542321090,Other memory (기타),독일,19,0.0,31,0.0,-12
2026.06,8542323000,MCP (복합구조칩),독일,19295,0.6,0,0.0,19295
2026.06,8542324000,MCO (복합부품),독일,3228,0.1,0,0.0,3228
2026.06,8542321010,DRAM (디램),루마니아,179,0.0,0,0.0,179
2026.06,8542321090,Other memory (기타),루마니아,0,0.0,1,0.0,-1
2026.06,8542324000,MCO (복합부품),리투아니아,0,0.0,0,0.0,0
2026.06,8542321010,DRAM (디램),말레이시아,55410,0.5,3,0.0,55407
2026.06,8542321020,SRAM (에스램),말레이시아,0,0.0,4,0.0,-4
2026.06,8542321030,Flash (플래시 메모리),말레이시아,3417,0.5,506,0.1,2911
2026.06,8542321090,Other memory (기타),말레이시아,389,0.1,77,0.1,311
2026.06,8542323000,MCP (복합구조칩),말레이시아,1113484,2.2,0,0.0,1113484
2026.06,8542324000,MCO (복합부품),말레이시아,3977,0.0,0,0.0,3977
2026.06,8542321010,DRAM (디램),멕시코,4667,0.4,1,0.0,4666
2026.06,8542321030,Flash (플래시 메모리),멕시코,68,0.0,1,0.0,67
2026.06,8542321090,Other memory (기타),멕시코,679,0.5,0,0.0,679
2026.06,8542323000,MCP (복합구조칩),멕시코,27070,1.4,0,0.0,27070
2026.06,8542324000,MCO (복합부품),멕시코,4168,0.1,1,0.0,4167
2026.06,8542324000,MCO (복합부품),몬테네그로,0,0.0,0,0.0,0
2026.06,8542321010,DRAM (디램),미국,40226,0.9,113,0.0,40114
2026.06,8542321030,Flash (플래시 메모리),미국,250,0.0,198,0.1,52
2026.06,8542321090,Other memory (기타),미국,4,0.0,2179,0.1,-2175
2026.06,8542323000,MCP (복합구조칩),미국,214180,2.0,59,0.0,214121
2026.06,8542324000,MCO (복합부품),미국,5513,0.1,30,0.0,5484
2026.06,8542321090,Other memory (기타),방글라데시,10,0.0,0,0.0,10
2026.06,8542323000,MCP (복합구조칩),방글라데시,337,0.0,0,0.0,337
2026.06,8542321010,DRAM (디램),베트남,1543032,21.7,12276,0.8,1530756
2026.06,8542321020,SRAM (에스램),베트남,27,0.0,0,0.0,27
2026.06,8542321030,Flash (플래시 메모리),베트남,43380,4.4,561,0.1,42819
2026.06,8542321090,Other memory (기타),베트남,20929,7.3,9,0.0,20920
2026.06,8542322000,Hybrid IC (하이브리드),베트남,13,0.0,0,0.0,13
2026.06,8542323000,MCP (복합구조칩),베트남,732641,14.5,903,0.0,731738
2026.06,8542324000,MCO (복합부품),베트남,1010665,6.2,0,0.0,1010665
2026.06,8542324000,MCO (복합부품),벨기에,0,0.0,0,0.0,0
2026.06,8542321010,DRAM (디램),브라질,79091,0.9,0,0.0,79091
2026.06,8542321030,Flash (플래시 메모리),브라질,23402,0.3,0,0.0,23402
2026.06,8542321090,Other memory (기타),브라질,175,0.5,0,0.0,175
2026.06,8542323000,MCP (복합구조칩),브라질,15577,0.4,0,0.0,15577
2026.06,8542324000,MCO (복합부품),브라질,63569,0.6,0,0.0,63569
2026.06,8542323000,MCP (복합구조칩),사우디아라비아,0,0.0,0,0.0,0
2026.06,8542324000,MCO (복합부품),세르비아,0,0.0,0,0.0,0
2026.06,8542324000,MCO (복합부품),스웨덴,0,0.0,0,0.0,0
2026.06,8542324000,MCO (복합부품),스위스,0,0.0,0,0.0,0
2026.06,8542321010,DRAM (디램),스페인,32,0.0,0,0.0,32
2026.06,8542321090,Other memory (기타),스페인,0,0.0,1,0.0,-1
2026.06,8542323000,MCP (복합구조칩),스페인,105,0.0,0,0.0,105
2026.06,8542323000,MCP (복합구조칩),슬로바키아,692,0.1,0,0.0,692
2026.06,8542321010,DRAM (디램),싱가포르,67265,1.7,145,0.0,67120
2026.06,8542321020,SRAM (에스램),싱가포르,0,0.0,6,0.0,-6
2026.06,8542321030,Flash (플래시 메모리),싱가포르,2630,0.2,481,0.2,2150
2026.06,8542321090,Other memory (기타),싱가포르,33,0.0,27399,0.8,-27366
2026.06,8542322000,Hybrid IC (하이브리드),싱가포르,0,0.0,2,0.1,-2
2026.06,8542323000,MCP (복합구조칩),싱가포르,24935,0.4,30016,0.2,-5082
2026.06,8542324000,MCO (복합부품),싱가포르,1944,0.0,220709,0.6,-218765
2026.06,8542321010,DRAM (디램),아르헨티나,70,0.0,0,0.0,70
2026.06,8542323000,MCP (복합구조칩),아일랜드,12,0.0,0,0.0,12
2026.06,8542321010,DRAM (디램),영국,252,0.0,0,0.0,252
2026.06,8542321090,Other memory (기타),영국,7,0.0,19,0.0,-12
2026.06,8542323000,MCP (복합구조칩),영국,91,0.0,0,0.0,91
2026.06,8542324000,MCO (복합부품),영국,0,0.0,0,0.0,0
2026.06,8542321010,DRAM (디램),오스트리아,0,0.0,2,0.0,-2
2026.06,8542321030,Flash (플래시 메모리),오스트리아,119,0.0,0,0.0,119
2026.06,8542321090,Other memory (기타),오스트리아,397,0.7,0,0.0,397
2026.06,8542323000,MCP (복합구조칩),오스트리아,8629,0.1,0,0.0,8629
2026.06,8542324000,MCO (복합부품),오스트리아,205,0.1,0,0.0,205
2026.06,8542321010,DRAM (디램),우크라이나,0,0.0,0,0.0,0
2026.06,8542321020,SRAM (에스램),이스라엘,0,0.0,0,0.0,0
2026.06,8542321090,Other memory (기타),이스라엘,0,0.0,2,0.0,-2
2026.06,8542323000,MCP (복합구조칩),이스라엘,82,0.0,0,0.0,82
2026.06,8542321010,DRAM (디램),이집트,4,0.0,0,0.0,4
2026.06,8542321090,Other memory (기타),이집트,78,0.1,0,0.0,78
2026.06,8542323000,MCP (복합구조칩),이집트,13720,0.2,0,0.0,13720
2026.06,8542324000,MCO (복합부품),이집트,6302,0.1,0,0.0,6302
2026.06,8542321090,Other memory (기타),이탈리아,0,0.0,0,0.0,0
2026.06,8542322000,Hybrid IC (하이브리드),이탈리아,0,0.0,0,0.0,0
2026.06,8542324000,MCO (복합부품),이탈리아,0,0.0,0,0.0,0
2026.06,8542321010,DRAM (디램),인도,12337,0.4,0,0.0,12337
2026.06,8542321020,SRAM (에스램),인도,45,0.0,0,0.0,45
2026.06,8542321030,Flash (플래시 메모리),인도,1049,0.1,0,0.0,1049
2026.06,8542321090,Other memory (기타),인도,234,0.2,222,0.8,12
2026.06,8542323000,MCP (복합구조칩),인도,54860,1.6,0,0.0,54860
2026.06,8542324000,MCO (복합부품),인도,337973,2.5,0,0.0,337973
2026.06,8542321010,DRAM (디램),인도네시아,2189,0.4,13,0.0,2177
2026.06,8542321020,SRAM (에스램),인도네시아,68,0.0,0,0.0,68
2026.06,8542321030,Flash (플래시 메모리),인도네시아,537,0.1,6,0.0,531
2026.06,8542321090,Other memory (기타),인도네시아,47,0.1,0,0.0,47
2026.06,8542323000,MCP (복합구조칩),인도네시아,26436,0.8,0,0.0,26436
2026.06,8542324000,MCO (복합부품),인도네시아,60924,0.4,0,0.0,60924
2026.06,8542321010,DRAM (디램),일본,3350,0.1,74,0.0,3276
2026.06,8542321020,SRAM (에스램),일본,8,0.0,46,0.0,-38
2026.06,8542321030,Flash (플래시 메모리),일본,29,0.0,5,0.0,24
2026.06,8542321090,Other memory (기타),일본,175,0.1,35380,0.4,-35205
2026.06,8542323000,MCP (복합구조칩),일본,166612,1.7,167779,0.5,-1167
2026.06,8542324000,MCO (복합부품),일본,35481,0.1,2,0.0,35480
2026.06,8542321010,DRAM (디램),중국,7769003,80.5,837488,34.6,6931514
2026.06,8542321020,SRAM (에스램),중국,67,0.0,256,0.1,-189
2026.06,8542321030,Flash (플래시 메모리),중국,1559865,16.2,216735,6.5,1343129
2026.06,8542321090,Other memory (기타),중국,4132,8.8,14096,2.7,-9965
2026.06,8542322000,Hybrid IC (하이브리드),중국,0,0.0,81,0.0,-81
2026.06,8542323000,MCP (복합구조칩),중국,1189129,15.9,1452584,10.0,-263455
2026.06,8542324000,MCO (복합부품),중국,116319,1.9,365960,2.8,-249642
2026.06,8542321090,Other memory (기타),체코공화국,2621,0.5,0,0.0,2621
2026.06,8542323000,MCP (복합구조칩),체코공화국,27,0.0,0,0.0,27
2026.06,8542324000,MCO (복합부품),칠레,0,0.0,0,0.0,0
2026.06,8542321010,DRAM (디램),캐나다,28569,0.1,0,0.0,28569
2026.06,8542323000,MCP (복합구조칩),캐나다,2615,0.0,1,0.0,2614
2026.06,8542324000,MCO (복합부품),캐나다,2,0.0,0,0.0,2
2026.06,8542321010,DRAM (디램),태국,4360,0.2,4,0.0,4356
2026.06,8542321020,SRAM (에스램),태국,0,0.0,2,0.0,-2
2026.06,8542321030,Flash (플래시 메모리),태국,3317,0.4,818,0.1,2498
2026.06,8542321090,Other memory (기타),태국,205,0.2,2543,0.4,-2338
2026.06,8542323000,MCP (복합구조칩),태국,92379,1.3,0,0.0,92379
2026.06,8542324000,MCO (복합부품),태국,1759,0.1,10,0.0,1749
2026.06,8542323000,MCP (복합구조칩),튀니지,57,0.0,0,0.0,57
2026.06,8542321090,Other memory (기타),튀르키예,20,0.0,0,0.0,20
2026.06,8542323000,MCP (복합구조칩),튀르키예,204,0.0,0,0.0,204
2026.06,8542324000,MCO (복합부품),튀르키예,11510,0.1,0,0.0,11510
2026.06,8542321010,DRAM (디램),포루투갈,159,0.0,0,0.0,159
2026.06,8542323000,MCP (복합구조칩),포루투갈,3988,0.1,0,0.0,3988
2026.06,8542324000,MCO (복합부품),포루투갈,3129,0.0,0,0.0,3129
2026.06,8542321010,DRAM (디램),폴란드,458,0.1,0,0.0,458
2026.06,8542321020,SRAM (에스램),폴란드,372,0.0,0,0.0,372
2026.06,8542321030,Flash (플래시 메모리),폴란드,281,0.3,0,0.0,281
2026.06,8542321090,Other memory (기타),폴란드,32,0.0,0,0.0,32
2026.06,8542323000,MCP (복합구조칩),폴란드,9783,0.6,0,0.0,9783
2026.06,8542324000,MCO (복합부품),폴란드,207,0.0,0,0.0,207
2026.06,8542321030,Flash (플래시 메모리),프랑스,0,0.0,247,0.2,-247
2026.06,8542321090,Other memory (기타),프랑스,0,0.0,1438,0.2,-1437
2026.06,8542323000,MCP (복합구조칩),프랑스,0,0.0,0,0.0,0
2026.06,8542324000,MCO (복합부품),프랑스,0,0.0,3,0.0,-3
2026.06,8542321010,DRAM (디램),필리핀,1063072,12.2,0,0.0,1063072
2026.06,8542321020,SRAM (에스램),필리핀,0,0.0,26,0.0,-26
2026.06,8542321030,Flash (플래시 메모리),필리핀,1477,0.0,37,0.0,1440
2026.06,8542321090,Other memory (기타),필리핀,0,0.0,103,0.1,-103
2026.06,8542322000,Hybrid IC (하이브리드),필리핀,0,0.0,1,0.0,-1
2026.06,8542323000,MCP (복합구조칩),필리핀,0,0.0,2,0.0,-2
2026.06,8542324000,MCO (복합부품),필리핀,0,0.0,5,0.0,-5
2026.06,8542323000,MCP (복합구조칩),헝가리,4163,0.1,0,0.0,4163
2026.06,8542324000,MCO (복합부품),헝가리,109,0.0,0,0.0,109
2026.06,8542321090,Other memory (기타),호주,0,0.0,32,0.0,-32
2026.06,8542324000,MCO (복합부품),호주,0,0.0,0,0.0,0
2026.06,8542321010,DRAM (디램),홍콩,311252,21.2,22406,0.9,288845
2026.06,8542321020,SRAM (에스램),홍콩,268,0.4,0,0.0,268
2026.06,8542321030,Flash (플래시 메모리),홍콩,606298,14.8,59,0.0,606239
2026.06,8542321090,Other memory (기타),홍콩,12908,1.2,4176,0.6,8732
2026.06,8542323000,MCP (복합구조칩),홍콩,3909762,72.0,6983,0.2,3902779
2026.06,8542324000,MCO (복합부품),홍콩,978298,6.2,10,0.0,978288
2026.07,8542321010,DRAM (디램),네덜란드,44893,0.3,4,0.0,44889
2026.07,8542321090,Other memory (기타),네덜란드,0,0.0,0,0.0,0
2026.07,8542323000,MCP (복합구조칩),네덜란드,9246,0.2,0,0.0,9246
2026.07,8542324000,MCO (복합부품),네덜란드,1656,0.0,0,0.0,1656
2026.07,8542324000,MCO (복합부품),노르웨이,0,0.0,0,0.0,0
2026.07,8542321010,DRAM (디램),대만,180701,8.0,63761,3.7,116940
2026.07,8542321020,SRAM (에스램),대만,48042,0.4,440,0.1,47601
2026.07,8542321030,Flash (플래시 메모리),대만,140815,1.5,23258,4.4,117557
2026.07,8542321090,Other memory (기타),대만,15,0.0,73391,2.2,-73376
2026.07,8542322000,Hybrid IC (하이브리드),대만,0,0.0,0,0.0,0
2026.07,8542323000,MCP (복합구조칩),대만,2825931,8.1,118206,1.4,2707725
2026.07,8542324000,MCO (복합부품),대만,465,0.0,19359,0.1,-18895
2026.07,8542321090,Other memory (기타),덴마크,0,0.0,0,0.0,0
2026.07,8542321010,DRAM (디램),독일,13850,0.2,0,0.0,13850
2026.07,8542321090,Other memory (기타),독일,0,0.0,13,0.0,-13
2026.07,8542323000,MCP (복합구조칩),독일,22619,0.6,0,0.0,22619
2026.07,8542324000,MCO (복합부품),독일,3100,0.0,0,0.0,3099
2026.07,8542321010,DRAM (디램),말레이시아,29728,0.3,1,0.0,29727
2026.07,8542321020,SRAM (에스램),말레이시아,0,0.0,74,0.0,-74
2026.07,8542321030,Flash (플래시 메모리),말레이시아,4060,0.4,536,0.1,3524
2026.07,8542321090,Other memory (기타),말레이시아,0,0.0,807,0.0,-807
2026.07,8542323000,MCP (복합구조칩),말레이시아,1335565,3.4,0,0.0,1335565
2026.07,8542324000,MCO (복합부품),말레이시아,0,0.0,3,0.0,-3
2026.07,8542321010,DRAM (디램),멕시코,2289,0.3,0,0.0,2289
2026.07,8542321020,SRAM (에스램),멕시코,91,0.0,0,0.0,91
2026.07,8542321030,Flash (플래시 메모리),멕시코,18,0.1,8,0.0,11
2026.07,8542321090,Other memory (기타),멕시코,1118,0.7,0,0.0,1118
2026.07,8542323000,MCP (복합구조칩),멕시코,43268,1.8,0,0.0,43268
2026.07,8542324000,MCO (복합부품),멕시코,4484,0.1,0,0.0,4484
2026.07,8542321010,DRAM (디램),미국,64081,1.2,4326,0.1,59755
2026.07,8542321020,SRAM (에스램),미국,0,0.0,0,0.0,0
2026.07,8542321030,Flash (플래시 메모리),미국,414,0.0,5605,0.1,-5191
2026.07,8542321090,Other memory (기타),미국,10,0.0,2748,0.1,-2738
2026.07,8542322000,Hybrid IC (하이브리드),미국,0,0.0,26,0.0,-26
2026.07,8542323000,MCP (복합구조칩),미국,110180,1.0,695,0.0,109485
2026.07,8542324000,MCO (복합부품),미국,4460,0.1,10,0.1,4450
2026.07,8542321090,Other memory (기타),방글라데시,1,0.0,0,0.0,1
2026.07,8542324000,MCO (복합부품),방글라데시,110,0.0,0,0.0,110
2026.07,8542321010,DRAM (디램),베트남,1948783,19.1,7532,0.5,1941252
2026.07,8542321020,SRAM (에스램),베트남,2,0.0,0,0.0,2
2026.07,8542321030,Flash (플래시 메모리),베트남,44582,4.8,395,0.1,44188
2026.07,8542321090,Other memory (기타),베트남,26270,7.0,7,0.0,26263
2026.07,8542322000,Hybrid IC (하이브리드),베트남,12,0.0,1,0.0,10
2026.07,8542323000,MCP (복합구조칩),베트남,1033675,17.9,80,0.0,1033595
2026.07,8542324000,MCO (복합부품),베트남,1195904,5.5,0,0.0,1195904
2026.07,8542321010,DRAM (디램),브라질,49925,0.6,0,0.0,49925
2026.07,8542321030,Flash (플래시 메모리),브라질,15784,0.2,0,0.0,15784
2026.07,8542321090,Other memory (기타),브라질,199,0.3,123,0.0,76
2026.07,8542323000,MCP (복합구조칩),브라질,34623,0.8,0,0.0,34623
2026.07,8542324000,MCO (복합부품),브라질,102642,0.8,0,0.0,102642
2026.07,8542324000,MCO (복합부품),세르비아,0,0.0,0,0.0,0
2026.07,8542321010,DRAM (디램),스페인,56,0.0,0,0.0,56
2026.07,8542323000,MCP (복합구조칩),스페인,59,0.0,0,0.0,59
2026.07,8542323000,MCP (복합구조칩),슬로바키아,3685,0.2,0,0.0,3685
2026.07,8542321010,DRAM (디램),싱가포르,92848,1.5,131,0.0,92717
2026.07,8542321020,SRAM (에스램),싱가포르,0,0.0,2,0.0,-2
2026.07,8542321030,Flash (플래시 메모리),싱가포르,2133,0.2,4085,0.4,-1952
2026.07,8542321090,Other memory (기타),싱가포르,13,0.0,19758,0.5,-19745
2026.07,8542323000,MCP (복합구조칩),싱가포르,2581,0.1,23085,0.2,-20504
2026.07,8542324000,MCO (복합부품),싱가포르,6131,0.0,28942,0.1,-22811
2026.07,8542321010,DRAM (디램),아르헨티나,76,0.0,0,0.0,76
2026.07,8542321090,Other memory (기타),아일랜드,33,0.0,0,0.0,33
2026.07,8542321090,Other memory (기타),에스토니아,0,0.0,1,0.0,-1
2026.07,8542321090,Other memory (기타),영국,0,0.0,28,0.0,-28
2026.07,8542323000,MCP (복합구조칩),영국,0,0.0,0,0.0,0
2026.07,8542321030,Flash (플래시 메모리),오스트리아,356,0.0,0,0.0,356
2026.07,8542321090,Other memory (기타),오스트리아,434,1.0,0,0.0,434
2026.07,8542323000,MCP (복합구조칩),오스트리아,4646,0.0,0,0.0,4646
2026.07,8542321010,DRAM (디램),이스라엘,44,0.0,0,0.0,44
2026.07,8542321090,Other memory (기타),이스라엘,0,0.0,24,0.0,-24
2026.07,8542323000,MCP (복합구조칩),이스라엘,246,0.0,0,0.0,246
2026.07,8542321090,Other memory (기타),이집트,100,0.1,0,0.0,100
2026.07,8542323000,MCP (복합구조칩),이집트,8352,0.1,0,0.0,8352
2026.07,8542324000,MCO (복합부품),이집트,10936,0.1,0,0.0,10936
2026.07,8542321030,Flash (플래시 메모리),이탈리아,1,0.0,5,0.0,-4
2026.07,8542321090,Other memory (기타),이탈리아,0,0.0,0,0.0,0
2026.07,8542324000,MCO (복합부품),이탈리아,1,0.0,0,0.0,0
2026.07,8542321010,DRAM (디램),인도,5000,0.2,0,0.0,5000
2026.07,8542321020,SRAM (에스램),인도,22,0.0,0,0.0,22
2026.07,8542321030,Flash (플래시 메모리),인도,4756,0.1,0,0.0,4756
2026.07,8542321090,Other memory (기타),인도,211,0.5,56,0.1,155
2026.07,8542323000,MCP (복합구조칩),인도,89077,1.1,0,0.0,89077
2026.07,8542324000,MCO (복합부품),인도,487373,3.0,0,0.0,487373
2026.07,8542321010,DRAM (디램),인도네시아,2173,0.3,0,0.0,2173
2026.07,8542321020,SRAM (에스램),인도네시아,104,0.0,0,0.0,104
2026.07,8542321030,Flash (플래시 메모리),인도네시아,284,0.0,1,0.0,284
2026.07,8542321090,Other memory (기타),인도네시아,46,0.1,0,0.0,46
2026.07,8542323000,MCP (복합구조칩),인도네시아,17290,0.9,0,0.0,17290
2026.07,8542324000,MCO (복합부품),인도네시아,117480,0.5,0,0.0,117480
2026.07,8542321010,DRAM (디램),일본,1735,0.1,10702,0.1,-8967
2026.07,8542321020,SRAM (에스램),일본,0,0.0,6,0.0,-6
2026.07,8542321030,Flash (플래시 메모리),일본,13,0.0,163,0.1,-149
2026.07,8542321090,Other memory (기타),일본,190,0.1,458,0.3,-268
2026.07,8542323000,MCP (복합구조칩),일본,128855,1.5,138827,0.6,-9972
2026.07,8542324000,MCO (복합부품),일본,7124,0.1,3,0.0,7121
2026.07,8542321010,DRAM (디램),중국,9979070,92.2,1048290,35.0,8930780
2026.07,8542321020,SRAM (에스램),중국,55,0.0,1282,0.1,-1227
2026.07,8542321030,Flash (플래시 메모리),중국,1326129,14.5,194200,6.0,1131929
2026.07,8542321090,Other memory (기타),중국,3011,1.0,9344,2.3,-6334
2026.07,8542322000,Hybrid IC (하이브리드),중국,0,0.0,77,0.0,-77
2026.07,8542323000,MCP (복합구조칩),중국,1130209,9.9,1319109,8.5,-188900
2026.07,8542324000,MCO (복합부품),중국,28336,1.4,626041,2.1,-597705
2026.07,8542321030,Flash (플래시 메모리),체코공화국,6,0.0,0,0.0,6
2026.07,8542321090,Other memory (기타),체코공화국,8834,4.2,0,0.0,8834
2026.07,8542323000,MCP (복합구조칩),체코공화국,62,0.0,0,0.0,62
2026.07,8542324000,MCO (복합부품),체코공화국,61,0.0,0,0.0,61
2026.07,8542321010,DRAM (디램),캐나다,3,0.0,0,0.0,3
2026.07,8542321090,Other memory (기타),캐나다,2,0.0,0,0.0,2
2026.07,8542323000,MCP (복합구조칩),코스타리카,1,0.0,0,0.0,1
2026.07,8542321010,DRAM (디램),태국,3350,0.2,0,0.0,3350
2026.07,8542321020,SRAM (에스램),태국,0,0.0,75,0.1,-75
2026.07,8542321030,Flash (플래시 메모리),태국,5647,1.0,424,0.1,5223
2026.07,8542321090,Other memory (기타),태국,214,0.2,1094,0.2,-879
2026.07,8542323000,MCP (복합구조칩),태국,182451,0.9,21,0.0,182430
2026.07,8542324000,MCO (복합부품),태국,11427,0.4,4,0.0,11424
2026.07,8542323000,MCP (복합구조칩),튀니지,367,0.0,0,0.0,367
2026.07,8542321030,Flash (플래시 메모리),튀르키예,0,0.0,0,0.0,0
2026.07,8542321090,Other memory (기타),튀르키예,24,0.0,14,0.0,10
2026.07,8542324000,MCO (복합부품),튀르키예,24139,0.2,0,0.0,24139
2026.07,8542321010,DRAM (디램),포루투갈,27,0.0,0,0.0,27
2026.07,8542323000,MCP (복합구조칩),포루투갈,3074,0.1,0,0.0,3074
2026.07,8542324000,MCO (복합부품),포루투갈,2340,0.0,0,0.0,2340
2026.07,8542321010,DRAM (디램),폴란드,445,0.1,0,0.0,445
2026.07,8542321020,SRAM (에스램),폴란드,21,0.0,0,0.0,21
2026.07,8542321030,Flash (플래시 메모리),폴란드,162,0.2,0,0.0,162
2026.07,8542321090,Other memory (기타),폴란드,25,0.0,0,0.0,25
2026.07,8542323000,MCP (복합구조칩),폴란드,15321,0.6,0,0.0,15321
2026.07,8542324000,MCO (복합부품),폴란드,199,0.0,0,0.0,199
2026.07,8542321030,Flash (플래시 메모리),프랑스,0,0.0,292,0.2,-292
2026.07,8542321090,Other memory (기타),프랑스,0,0.0,648,0.2,-648
2026.07,8542323000,MCP (복합구조칩),프랑스,2,0.0,13,0.0,-11
2026.07,8542324000,MCO (복합부품),프랑스,0,0.0,0,0.0,0
2026.07,8542324000,MCO (복합부품),핀란드,0,0.0,0,0.0,0
2026.07,8542321010,DRAM (디램),필리핀,869717,13.8,3,0.0,869714
2026.07,8542321020,SRAM (에스램),필리핀,0,0.0,98,0.1,-98
2026.07,8542321030,Flash (플래시 메모리),필리핀,0,0.0,38,0.0,-38
2026.07,8542321090,Other memory (기타),필리핀,0,0.0,227,0.1,-227
2026.07,8542322000,Hybrid IC (하이브리드),필리핀,0,0.0,1,0.0,-1
2026.07,8542323000,MCP (복합구조칩),필리핀,2583,0.0,33,0.0,2550
2026.07,8542324000,MCO (복합부품),필리핀,0,0.0,7,0.0,-7
2026.07,8542321010,DRAM (디램),헝가리,151,0.0,0,0.0,151
2026.07,8542323000,MCP (복합구조칩),헝가리,2103,0.1,0,0.0,2103
2026.07,8542324000,MCO (복합부품),헝가리,2112,0.0,0,0.0,2112
2026.07,8542321090,Other memory (기타),호주,1,0.0,0,0.0,1
2026.07,8542321010,DRAM (디램),홍콩,262606,17.5,788,0.5,261819
2026.07,8542321020,SRAM (에스램),홍콩,363,0.5,83,0.0,279
2026.07,8542321030,Flash (플래시 메모리),홍콩,235486,5.6,153,0.0,235333
2026.07,8542321090,Other memory (기타),홍콩,30443,2.1,5537,0.3,24906
2026.07,8542322000,Hybrid IC (하이브리드),홍콩,390,0.0,0,0.0,390
2026.07,8542323000,MCP (복합구조칩),홍콩,3079774,56.3,197,0.0,3079576
2026.07,8542324000,MCO (복합부품),홍콩,457275,4.3,8,0.0,457267
